"Year","State","AFS Name","Sum Pounds","Sum Dollars"
"2017","ALABAMA","TUNA, BLACKFIN","129,559",""
"2017","ALABAMA","TUNA, LITTLE TUNNY","349,739",""
"2017","ALABAMA","TUNA, SKIPJACK","",""
"2017","ALABAMA","TUNA, YELLOWFIN","",""
"2017","CONNECTICUT","TUNA, LITTLE TUNNY","89,111",""
"2017","DELAWARE","TUNA, BLUEFIN","104,989",""
"2017","FLORIDA*","TUNA, BLACKFIN","2,341,360",""
"2017","FLORIDA*","TUNA, LITTLE TUNNY","7,957,006",""
"2017","FLORIDA*","TUNAS","",""
"2017","GEORGIA","TUNA, LITTLE TUNNY","24,835",""
"2017","GEORGIA","TUNA, SKIPJACK","46",""
"2017","HAWAII","TUNA, ALBACORE","28,867",""
"2017","HAWAII","TUNA, BIGEYE","3,358",""
"2017","HAWAII","TUNA, KAWAKAWA","26,808",""
"2017","HAWAII","TUNA, SKIPJACK","904,837",""
"2017","HAWAII","TUNA, YELLOWFIN","3,411,795",""
"2017","LOUISIANA","TUNA, BLACKFIN","",""
"2017","LOUISIANA","TUNA, LITTLE TUNNY","",""
"2017","LOUISIANA","TUNA, SKIPJACK","",""
"2017","MARYLAND","TUNA, BLUEFIN","79,358",""
"2017","MARYLAND","TUNA, LITTLE TUNNY","8,005",""
"2017","MARYLAND","TUNA, SKIPJACK","1,501",""
"2017","MARYLAND","TUNAS","",""
"2017","MASSACHUSETTS","TUNA, LITTLE TUNNY","",""
"2017","MISSISSIPPI","TUNA, BLACKFIN","229,466",""
"2017","MISSISSIPPI","TUNA, LITTLE TUNNY","373",""
"2017","NEW JERSEY","TUNA, LITTLE TUNNY","540,210",""
"2017","NEW YORK","TUNA, LITTLE TUNNY","113,981",""
"2017","NORTH CAROLINA","TUNA, BLACKFIN","472,890",""
"2017","NORTH CAROLINA","TUNA, LITTLE TUNNY","334,367",""
"2017","RHODE ISLAND","TUNA, BLUEFIN","1,371",""
"2017","RHODE ISLAND","TUNA, LITTLE TUNNY","93,659",""
"2017","SOUTH CAROLINA","TUNA, BLACKFIN","6,863",""
"2017","SOUTH CAROLINA","TUNA, LITTLE TUNNY","10,571",""
"2017","TEXAS","TUNA, LITTLE TUNNY","",""
"2017","VIRGINIA","TUNA, LITTLE TUNNY","23,731",""
"2017","VIRGINIA","TUNA, SKIPJACK","7,846",""
"2016","ALABAMA","TUNA, BLACKFIN","487,718",""
"2016","ALABAMA","TUNA, LITTLE TUNNY","569,964",""
"2016","ALABAMA","TUNA, SKIPJACK","15,613",""
"2016","ALABAMA","TUNA, YELLOWFIN","570,691",""
"2016","CONNECTICUT","TUNA, LITTLE TUNNY","2,271",""
"2016","CONNECTICUT","TUNA, YELLOWFIN","",""
"2016","DELAWARE","TUNA, BLUEFIN","37,836",""
"2016","DELAWARE","TUNA, YELLOWFIN","12,009",""
"2016","FLORIDA*","TUNA, BLACKFIN","2,730,586",""
"2016","FLORIDA*","TUNA, LITTLE TUNNY","8,863,436",""
"2016","FLORIDA*","TUNAS","",""
"2016","GEORGIA","TUNA, SKIPJACK","",""
"2016","HAWAII","TUNA, ALBACORE","71,280",""
"2016","HAWAII","TUNA, BIGEYE","138,032",""
"2016","HAWAII","TUNA, KAWAKAWA","38,166",""
"2016","HAWAII","TUNA, SKIPJACK","550,631",""
"2016","HAWAII","TUNA, YELLOWFIN","3,683,453",""
"2016","LOUISIANA","TUNA, BLACKFIN","",""
"2016","LOUISIANA","TUNA, SKIPJACK","",""
"2016","MARYLAND","TUNA, BLUEFIN","182,688",""
"2016","MARYLAND","TUNA, LITTLE TUNNY","278",""
"2016","MARYLAND","TUNA, SKIPJACK","66,862",""
"2016","MASSACHUSETTS","TUNA, LITTLE TUNNY","366,801",""
"2016","MASSACHUSETTS","TUNAS","",""
"2016","MISSISSIPPI","TUNA, BLACKFIN","3,942",""
"2016","MISSISSIPPI","TUNA, LITTLE TUNNY","19,667",""
"2016","NEW JERSEY","TUNA, LITTLE TUNNY","88,633",""
"2016","NEW YORK","TUNA, LITTLE TUNNY","11,920",""
"2016","NEW YORK","TUNA, SKIPJACK","",""
"2016","NORTH CAROLINA","TUNA, BLACKFIN","692,069",""
"2016","NORTH CAROLINA","TUNA, LITTLE TUNNY","337,845",""
"2016","NORTH CAROLINA","TUNAS","",""
"2016","RHODE ISLAND","TUNA, BLUEFIN","",""
"2016","RHODE ISLAND","TUNA, LITTLE TUNNY","19,099",""
"2016","RHODE ISLAND","TUNA, YELLOWFIN","",""
"2016","SOUTH CAROLINA","TUNA, BLACKFIN","42,551",""
"2016","SOUTH CAROLINA","TUNA, LITTLE TUNNY","",""
"2016","SOUTH CAROLINA","TUNA, SKIPJACK","3,327",""
"2016","TEXAS","TUNA, LITTLE TUNNY","",""
"2016","VIRGINIA","TUNA, BLUEFIN","17,333",""
"2016","VIRGINIA","TUNA, LITTLE TUNNY","4,484",""
"2015","ALABAMA","TUNA, BLACKFIN","116,697",""
"2015","ALABAMA","TUNA, LITTLE TUNNY","170,905",""
"2015","ALABAMA","TUNA, SKIPJACK","2,447",""
"2015","ALABAMA","TUNA, YELLOWFIN","550,858",""
"2015","ALABAMA","TUNAS","",""
"2015","CONNECTICUT","TUNA, LITTLE TUNNY","",""
"2015","DELAWARE","TUNA, YELLOWFIN","223,653",""
"2015","FLORIDA*","TUNA, BLACKFIN","1,719,392",""
"2015","FLORIDA*","TUNA, LITTLE TUNNY","14,848,864",""
"2015","FLORIDA*","TUNA, SKIPJACK","309,380",""
"2015","FLORIDA*","TUNAS","",""
"2015","HAWAII","TUNA, ALBACORE","15,135",""
"2015","HAWAII","TUNA, BIGEYE","63,778",""
"2015","HAWAII","TUNA, KAWAKAWA","116,186",""
"2015","HAWAII","TUNA, SKIPJACK","1,573,919",""
"2015","HAWAII","TUNA, YELLOWFIN","8,541,229",""
"2015","LOUISIANA","TUNA, BLACKFIN","",""
"2015","LOUISIANA","TUNA, LITTLE TUNNY","",""
"2015","LOUISIANA","TUNA, SKIPJACK","",""
"2015","MARYLAND","TUNA, SKIPJACK","",""
"2015","MASSACHUSETTS","TUNA, LITTLE TUNNY","242,544",""
"2015","MISSISSIPPI","TUNA, LITTLE TUNNY","1,446",""
"2015","NEW JERSEY","TUNA, LITTLE TUNNY","717",""
"2015","NEW YORK","TUNA, LITTLE TUNNY","1,409",""
"2015","NEW YORK","TUNA, SKIPJACK","",""
"2015","NORTH CAROLINA","TUNA, BLACKFIN","399,679",""
"2015","NORTH CAROLINA","TUNA, LITTLE TUNNY","207,892",""
"2015","NORTH CAROLINA","TUNAS","",""
"2015","RHODE ISLAND","TUNA, ALBACORE","",""
"2015","RHODE ISLAND","TUNA, LITTLE TUNNY","128,523",""
"2015","SOUTH CAROLINA","TUNA, BLACKFIN","35,913",""
"2015","SOUTH CAROLINA","TUNA, LITTLE TUNNY","8,913",""
"2015","TEXAS","TUNA, LITTLE TUNNY","",""
"2015","VIRGINIA","TUNA, LITTLE TUNNY","32,384",""
"2015","VIRGINIA","TUNA, SKIPJACK","",""
"2014","ALABAMA","TUNA, BLACKFIN","220,447",""
"2014","ALABAMA","TUNA, LITTLE TUNNY","243,706",""
"2014","CONNECTICUT","TUNA, LITTLE TUNNY","13,695",""
"2014","DELAWARE","TUNA, BIGEYE","375,542",""
"2014","DELAWARE","TUNA, BLUEFIN","95,319",""
"2014","DELAWARE","TUNA, LITTLE TUNNY","",""
"2014","DELAWARE","TUNA, YELLOWFIN","61,822",""
"2014","FLORIDA*","TUNA, BLACKFIN","1,518,386",""
"2014","FLORIDA*","TUNA, LITTLE TUNNY","9,831,350",""
"2014","GEORGIA","TUNA, LITTLE TUNNY","174",""
"2014","HAWAII","TUNA, ALBACORE","",""
"2014","HAWAII","TUNA, BIGEYE","776,140",""
"2014","HAWAII","TUNA, KAWAKAWA","187,267",""
"2014","HAWAII","TUNA, SKIPJACK","1,211,097",""
"2014","HAWAII","TUNA, YELLOWFIN","5,972,195",""
"2014","LOUISIANA","TUNA, BLACKFIN","",""
"2014","LOUISIANA","TUNA, LITTLE TUNNY","",""
"2014","LOUISIANA","TUNA, SKIPJACK","",""
"2014","MARYLAND","TUNA, LITTLE TUNNY","3,415",""
"2014","MASSACHUSETTS","TUNA, LITTLE TUNNY","90,875",""
"2014","MISSISSIPPI","TUNA, LITTLE TUNNY","16,416",""
"2014","NEW JERSEY","TUNA, LITTLE TUNNY","103,769",""
"2014","NEW YORK","TUNA, LITTLE TUNNY","6,338",""
"2014","NORTH CAROLINA","TUNA, BLACKFIN","162,163",""
"2014","NORTH CAROLINA","TUNA, LITTLE TUNNY","189,271",""
"2014","NORTH CAROLINA","TUNAS","",""
"2014","RHODE ISLAND","TUNA, BLACKFIN","",""
"2014","RHODE ISLAND","TUNA, BLUEFIN","106,960",""
"2014","RHODE ISLAND","TUNA, LITTLE TUNNY","573",""
"2014","RHODE ISLAND","TUNA, SKIPJACK","",""
"2014","SOUTH CAROLINA","TUNA, BLACKFIN","10,931",""
"2014","TEXAS","TUNA, LITTLE TUNNY","",""
"2013","ALABAMA","TUNA, BLACKFIN","262,699",""
"2013","ALABAMA","TUNA, LITTLE TUNNY","53,903",""
"2013","ALABAMA","TUNA, SKIPJACK","26,400",""
"2013","ALABAMA","TUNA, YELLOWFIN","92,268",""
"2013","CONNECTICUT","TUNA, ALBACORE","79,007",""
"2013","DELAWARE","TUNA, BIGEYE","69,333",""
"2013","DELAWARE","TUNA, BLUEFIN","36,683",""
"2013","DELAWARE","TUNA, LITTLE TUNNY","",""
"2013","DELAWARE","TUNA, SKIPJACK","1,096",""
"2013","DELAWARE","TUNA, YELLOWFIN","42,917",""
"2013","FLORIDA*","TUNA, BLACKFIN","4,650,140",""
"2013","FLORIDA*","TUNA, LITTLE TUNNY","9,141,986",""
"2013","FLORIDA*","TUNA, SKIPJACK","1,140,678",""
"2013","FLORIDA*","TUNA, YELLOWFIN","437,520",""
"2013","GEORGIA","TUNA, BLACKFIN","11,213",""
"2013","GEORGIA","TUNA, LITTLE TUNNY","13,845",""
"2013","HAWAII","TUNA, BIGEYE","36,504",""
"2013","HAWAII","TUNA, KAWAKAWA","31,742",""
"2013","HAWAII","TUNA, SKIPJACK","2,887,608",""
"2013","HAWAII","TUNA, YELLOWFIN","8,365,249",""
"2013","LOUISIANA","TUNA, BIGEYE","",""
"2013","LOUISIANA","TUNA, BLACKFIN","297,494",""
"2013","LOUISIANA","TUNA, LITTLE TUNNY","9,262",""
"2013","LOUISIANA","TUNA, YELLOWFIN","672,168",""
"2013","MARYLAND","TUNA, BIGEYE","233,516",""
"2013","MARYLAND","TUNA, BLUEFIN","30,810",""
"2013","MARYLAND","TUNA, YELLOWFIN","63,308",""
"2013","MARYLAND","TUNAS","",""
"2013","MASSACHUSETTS","TUNA, LITTLE TUNNY","16,821",""
"2013","MISSISSIPPI","TUNA, LITTLE TUNNY","919",""
"2013","MISSISSIPPI","TUNA, YELLOWFIN","101,602",""
"2013","NEW JERSEY","TUNA, ALBACORE","1,533,151",""
"2013","NEW JERSEY","TUNA, BLUEFIN","1,338,882",""
"2013","NEW JERSEY","TUNA, LITTLE TUNNY","354,243",""
"2013","NEW JERSEY","TUNA, YELLOWFIN","4,398,523",""
"2013","NEW YORK","TUNA, ALBACORE","1,687,470",""
"2013","NEW YORK","TUNA, BIGEYE","416,326",""
"2013","NEW YORK","TUNA, BLUEFIN","228,853",""
"2013","NEW YORK","TUNA, LITTLE TUNNY","",""
"2013","NEW YORK","TUNA, YELLOWFIN","19,271",""
"2013","NEW YORK","TUNAS","",""
"2013","NORTH CAROLINA","TUNA, BIGEYE","122,690",""
"2013","NORTH CAROLINA","TUNA, BLACKFIN","289,531",""
"2013","NORTH CAROLINA","TUNA, BLUEFIN","129,799",""
"2013","NORTH CAROLINA","TUNA, LITTLE TUNNY","218,472",""
"2013","NORTH CAROLINA","TUNA, SKIPJACK","346,029",""
"2013","NORTH CAROLINA","TUNA, YELLOWFIN","1,705,625",""
"2013","NORTH CAROLINA","TUNAS","",""
"2013","RHODE ISLAND","TUNA, ALBACORE","1,333,707",""
"2013","RHODE ISLAND","TUNA, BIGEYE","",""
"2013","RHODE ISLAND","TUNA, BLUEFIN","",""
"2013","RHODE ISLAND","TUNA, YELLOWFIN","",""
"2013","SOUTH CAROLINA","TUNA, BLACKFIN","1,034",""
"2013","TEXAS","TUNA, LITTLE TUNNY","",""
"2013","VIRGINIA","TUNA, BLUEFIN","65,301",""
"2013","VIRGINIA","TUNA, LITTLE TUNNY","",""
"2013","VIRGINIA","TUNA, SKIPJACK","101,086",""
"2013","VIRGINIA","TUNA, YELLOWFIN","39,238",""
"2012","ALABAMA","TUNA, BLACKFIN","97,978",""
"2012","ALABAMA","TUNA, LITTLE TUNNY","68,701",""
"2012","ALABAMA","TUNA, YELLOWFIN","68,731",""
"2012","CONNECTICUT","TUNA, LITTLE TUNNY","5,223",""
"2012","DELAWARE","TUNA, LITTLE TUNNY","57",""
"2012","DELAWARE","TUNA, YELLOWFIN","19,167",""
"2012","FLORIDA*","TUNA, BLACKFIN","4,168,496",""
"2012","FLORIDA*","TUNA, LITTLE TUNNY","9,557,126",""
"2012","FLORIDA*","TUNA, SKIPJACK","306,650",""
"2012","FLORIDA*","TUNA, YELLOWFIN","76,448",""
"2012","GEORGIA","TUNA, LITTLE TUNNY","123",""
"2012","HAWAII","TUNA, BIGEYE","523,523",""
"2012","HAWAII","TUNA, KAWAKAWA","34,178",""
"2012","HAWAII","TUNA, SKIPJACK","1,088,467",""
"2012","HAWAII","TUNA, YELLOWFIN","6,157,886",""
"2012","LOUISIANA","TUNA, BLACKFIN","1,557,016",""
"2012","LOUISIANA","TUNA, LITTLE TUNNY","4,235",""
"2012","LOUISIANA","TUNA, SKIPJACK","207",""
"2012","LOUISIANA","TUNA, YELLOWFIN","1,306,311",""
"2012","MARYLAND","TUNA, LITTLE TUNNY","661",""
"2012","MASSACHUSETTS","TUNA, ALBACORE","",""
"2012","MASSACHUSETTS","TUNA, BLUEFIN","593,181",""
"2012","MASSACHUSETTS","TUNA, LITTLE TUNNY","15,959",""
"2012","MASSACHUSETTS","TUNA, YELLOWFIN","",""
"2012","MISSISSIPPI","TUNA, LITTLE TUNNY","291",""
"2012","NEW HAMPSHIRE","TUNA, BLUEFIN","9,121",""
"2012","NEW JERSEY","TUNA, ALBACORE","8,442",""
"2012","NEW JERSEY","TUNA, BIGEYE","495,326",""
"2012","NEW JERSEY","TUNA, BLUEFIN","3,208",""
"2012","NEW JERSEY","TUNA, LITTLE TUNNY","116,173",""
"2012","NEW JERSEY","TUNA, SKIPJACK","173,645",""
"2012","NEW JERSEY","TUNA, YELLOWFIN","6,248,516",""
"2012","NEW YORK","TUNA, LITTLE TUNNY","",""
"2012","NORTH CAROLINA","TUNA, ALBACORE","1,325",""
"2012","NORTH CAROLINA","TUNA, BIGEYE","12,886",""
"2012","NORTH CAROLINA","TUNA, BLACKFIN","367,806",""
"2012","NORTH CAROLINA","TUNA, BLUEFIN","183,806",""
"2012","NORTH CAROLINA","TUNA, LITTLE TUNNY","140,027",""
"2012","NORTH CAROLINA","TUNA, SKIPJACK","24,482",""
"2012","NORTH CAROLINA","TUNA, YELLOWFIN","1,929,364",""
"2012","NORTH CAROLINA","TUNAS","",""
"2012","RHODE ISLAND","TUNA, BLUEFIN","9,209",""
"2012","RHODE ISLAND","TUNA, LITTLE TUNNY","73,359",""
"2012","SOUTH CAROLINA","TUNA, BLACKFIN","11,603",""
"2012","SOUTH CAROLINA","TUNA, LITTLE TUNNY","1,545",""
"2012","TEXAS","TUNA, LITTLE TUNNY","",""
"2012","VIRGINIA","TUNA, LITTLE TUNNY","125,902",""
"2012","VIRGINIA","TUNA, YELLOWFIN","673,006",""
"2011","ALABAMA","TUNA, BLACKFIN","22,121",""
"2011","ALABAMA","TUNA, LITTLE TUNNY","50,303",""
"2011","ALABAMA","TUNA, SKIPJACK","5,293",""
"2011","ALABAMA","TUNA, YELLOWFIN","15,291",""
"2011","CONNECTICUT","TUNA, LITTLE TUNNY","",""
"2011","DELAWARE","TUNA, LITTLE TUNNY","20",""
"2011","DELAWARE","TUNA, SKIPJACK","212",""
"2011","DELAWARE","TUNA, YELLOWFIN","18,025",""
"2011","FLORIDA*","TUNA, BLACKFIN","1,696,578",""
"2011","FLORIDA*","TUNA, LITTLE TUNNY","6,017,482",""
"2011","FLORIDA*","TUNA, SKIPJACK","251,456",""
"2011","FLORIDA*","TUNA, YELLOWFIN","5,622",""
"2011","GEORGIA","TUNA, LITTLE TUNNY","87,345",""
"2011","HAWAII","TUNA, BIGEYE","230,070",""
"2011","HAWAII","TUNA, BLUEFIN","",""
"2011","HAWAII","TUNA, KAWAKAWA","3,459",""
"2011","HAWAII","TUNA, SKIPJACK","1,103,258",""
"2011","HAWAII","TUNA, YELLOWFIN","7,640,148",""
"2011","LOUISIANA","TUNA, BLACKFIN","262,502",""
"2011","LOUISIANA","TUNA, LITTLE TUNNY","24,524",""
"2011","LOUISIANA","TUNA, YELLOWFIN","978,124",""
"2011","MARYLAND","TUNA, ALBACORE","21,548",""
"2011","MARYLAND","TUNA, BLUEFIN","319,503",""
"2011","MARYLAND","TUNA, SKIPJACK","18,675",""
"2011","MARYLAND","TUNA, YELLOWFIN","7,516",""
"2011","MASSACHUSETTS","TUNA, BLUEFIN","",""
"2011","MASSACHUSETTS","TUNA, LITTLE TUNNY","",""
"2011","MASSACHUSETTS","TUNAS","",""
"2011","MISSISSIPPI","TUNA, BIGEYE","",""
"2011","MISSISSIPPI","TUNA, BLACKFIN","",""
"2011","MISSISSIPPI","TUNA, LITTLE TUNNY","304",""
"2011","NEW HAMPSHIRE","TUNA, BLUEFIN","",""
"2011","NEW JERSEY","TUNA, ALBACORE","58,793",""
"2011","NEW JERSEY","TUNA, BLUEFIN","300,292",""
"2011","NEW JERSEY","TUNA, LITTLE TUNNY","7,306",""
"2011","NEW JERSEY","TUNA, SKIPJACK","4,484",""
"2011","NEW JERSEY","TUNA, YELLOWFIN","282,282",""
"2011","NEW JERSEY","TUNAS","",""
"2011","NEW YORK","TUNA, ALBACORE","",""
"2011","NEW YORK","TUNA, YELLOWFIN","643,812",""
"2011","NORTH CAROLINA","TUNA, ALBACORE","1,162",""
"2011","NORTH CAROLINA","TUNA, BIGEYE","217,607",""
"2011","NORTH CAROLINA","TUNA, BLACKFIN","807,499",""
"2011","NORTH CAROLINA","TUNA, BLUEFIN","1,760,091",""
"2011","NORTH CAROLINA","TUNA, LITTLE TUNNY","55,290",""
"2011","NORTH CAROLINA","TUNA, SKIPJACK","56,377",""
"2011","NORTH CAROLINA","TUNA, YELLOWFIN","1,066,628",""
"2011","NORTH CAROLINA","TUNAS","",""
"2011","RHODE ISLAND","TUNA, LITTLE TUNNY","",""
"2011","TEXAS","TUNA, LITTLE TUNNY","",""
"2011","VIRGINIA","TUNA, BLUEFIN","137,549",""
"2011","VIRGINIA","TUNA, SKIPJACK","21,852",""
"2011","VIRGINIA","TUNA, YELLOWFIN","174,216",""
"2010","ALABAMA","TUNA, LITTLE TUNNY","199,726",""
"2010","CONNECTICUT","TUNA, LITTLE TUNNY","11,296",""
"2010","DELAWARE","TUNA, BLUEFIN","2,002",""
"2010","DELAWARE","TUNA, LITTLE TUNNY","500",""
"2010","DELAWARE","TUNA, YELLOWFIN","364",""
"2010","FLORIDA*","TUNA, BLACKFIN","2,564,326",""
"2010","FLORIDA*","TUNA, LITTLE TUNNY","4,698,840",""
"2010","FLORIDA*","TUNA, SKIPJACK","382,318",""
"2010","FLORIDA*","TUNA, YELLOWFIN","546",""
"2010","GEORGIA","TUNA, BLACKFIN","29,454",""
"2010","HAWAII","TUNA, ALBACORE","7,789",""
"2010","HAWAII","TUNA, BIGEYE","178,145",""
"2010","HAWAII","TUNA, KAWAKAWA","29,500",""
"2010","HAWAII","TUNA, SKIPJACK","1,640,219",""
"2010","HAWAII","TUNA, YELLOWFIN","8,916,313",""
"2010","LOUISIANA","TUNA, BLACKFIN","47,064",""
"2010","LOUISIANA","TUNA, LITTLE TUNNY","25,765",""
"2010","LOUISIANA","TUNA, YELLOWFIN","53,350",""
"2010","MARYLAND","TUNA, LITTLE TUNNY","234",""
"2010","MARYLAND","TUNA, SKIPJACK","10,188",""
"2010","MARYLAND","TUNA, YELLOWFIN","59,593",""
"2010","MARYLAND","TUNAS","",""
"2010","MASSACHUSETTS","TUNA, BLUEFIN","202,962",""
"2010","MASSACHUSETTS","TUNA, LITTLE TUNNY","28,396",""
"2010","MISSISSIPPI","TUNA, LITTLE TUNNY","42",""
"2010","NEW HAMPSHIRE","TUNA, BLUEFIN","",""
"2010","NEW JERSEY","TUNA, BLUEFIN","910,371",""
"2010","NEW JERSEY","TUNA, LITTLE TUNNY","166,077",""
"2010","NEW JERSEY","TUNA, SKIPJACK","5,042",""
"2010","NEW JERSEY","TUNA, YELLOWFIN","3,701,351",""
"2010","NEW YORK","TUNA, LITTLE TUNNY","",""
"2010","NORTH CAROLINA","TUNA, BIGEYE","234,374",""
"2010","NORTH CAROLINA","TUNA, BLACKFIN","573,634",""
"2010","NORTH CAROLINA","TUNA, BLUEFIN","2,154,165",""
"2010","NORTH CAROLINA","TUNA, LITTLE TUNNY","49,291",""
"2010","NORTH CAROLINA","TUNA, SKIPJACK","12,009",""
"2010","NORTH CAROLINA","TUNA, YELLOWFIN","1,521,277",""
"2010","NORTH CAROLINA","TUNAS","",""
"2010","RHODE ISLAND","TUNA, LITTLE TUNNY","",""
"2010","SOUTH CAROLINA","TUNA, BLACKFIN","130,064",""
"2010","SOUTH CAROLINA","TUNA, LITTLE TUNNY","381",""
"2010","TEXAS","TUNA, LITTLE TUNNY","",""
"2010","VIRGINIA","TUNA, BLUEFIN","413,499",""
"2010","VIRGINIA","TUNA, SKIPJACK","1,144",""
"2009","ALABAMA","TUNA, BLACKFIN","67,296",""
"2009","ALABAMA","TUNA, LITTLE TUNNY","23,702",""
"2009","ALABAMA","TUNA, YELLOWFIN","343,963",""
"2009","CONNECTICUT","TUNA, LITTLE TUNNY","",""
"2009","DELAWARE","TUNA, BLUEFIN","1,706",""
"2009","DELAWARE","TUNA, LITTLE TUNNY","95",""
"2009","DELAWARE","TUNA, YELLOWFIN","7,789",""
"2009","FLORIDA*","TUNA, BLACKFIN","697,388",""
"2009","FLORIDA*","TUNA, BLUEFIN","",""
"2009","FLORIDA*","TUNA, LITTLE TUNNY","6,076,338",""
"2009","FLORIDA*","TUNA, SKIPJACK","723,726",""
"2009","FLORIDA*","TUNA, YELLOWFIN","4,532",""
"2009","FLORIDA*","TUNAS","",""
"2009","GEORGIA","TUNA, LITTLE TUNNY","88",""
"2009","HAWAII","TUNA, ALBACORE","",""
"2009","HAWAII","TUNA, BIGEYE","207,418",""
"2009","HAWAII","TUNA, KAWAKAWA","42,117",""
"2009","HAWAII","TUNA, SKIPJACK","2,136,638",""
"2009","HAWAII","TUNA, YELLOWFIN","14,860,701",""
"2009","LOUISIANA","TUNA, BLACKFIN","1,542,558",""
"2009","LOUISIANA","TUNA, BLUEFIN","",""
"2009","LOUISIANA","TUNA, LITTLE TUNNY","",""
"2009","LOUISIANA","TUNA, YELLOWFIN","242,753",""
"2009","LOUISIANA","TUNAS","",""
"2009","MARYLAND","TUNA, BLUEFIN","102,636",""
"2009","MARYLAND","TUNA, LITTLE TUNNY","55,896",""
"2009","MARYLAND","TUNA, SKIPJACK","",""
"2009","MARYLAND","TUNA, YELLOWFIN","139,961",""
"2009","MASSACHUSETTS","TUNA, BLUEFIN","1,101,300",""
"2009","MASSACHUSETTS","TUNA, LITTLE TUNNY","1,221",""
"2009","MASSACHUSETTS","TUNAS","",""
"2009","MISSISSIPPI","TUNA, LITTLE TUNNY","996",""
"2009","MISSISSIPPI","TUNA, YELLOWFIN","122,857",""
"2009","NEW HAMPSHIRE","TUNA, BLUEFIN","46,934",""
"2009","NEW JERSEY","TUNA, ALBACORE","",""
"2009","NEW JERSEY","TUNA, BLUEFIN","2,607,513",""
"2009","NEW JERSEY","TUNA, LITTLE TUNNY","153,360",""
"2009","NEW JERSEY","TUNA, SKIPJACK","",""
"2009","NEW JERSEY","TUNA, YELLOWFIN","260,853",""
"2009","NEW JERSEY","TUNAS","",""
"2009","NEW YORK","TUNA, BLUEFIN","188,791",""
"2009","NEW YORK","TUNA, LITTLE TUNNY","",""
"2009","NORTH CAROLINA","TUNA, BIGEYE","3,724",""
"2009","NORTH CAROLINA","TUNA, BLACKFIN","467,493",""
"2009","NORTH CAROLINA","TUNA, BLUEFIN","8,455",""
"2009","NORTH CAROLINA","TUNA, LITTLE TUNNY","139,434",""
"2009","NORTH CAROLINA","TUNA, SKIPJACK","29,665",""
"2009","NORTH CAROLINA","TUNA, YELLOWFIN","959,843",""
"2009","NORTH CAROLINA","TUNAS","",""
"2009","RHODE ISLAND","TUNA, BLUEFIN","",""
"2009","RHODE ISLAND","TUNA, LITTLE TUNNY","37,580",""
"2009","SOUTH CAROLINA","TUNA, ALBACORE","225",""
"2009","SOUTH CAROLINA","TUNA, BLACKFIN","173,804",""
"2009","SOUTH CAROLINA","TUNA, LITTLE TUNNY","",""
"2009","SOUTH CAROLINA","TUNA, YELLOWFIN","450",""
"2009","TEXAS","TUNA, LITTLE TUNNY","",""
"2009","VIRGINIA","TUNA, BLUEFIN","533,314",""
"2009","VIRGINIA","TUNA, LITTLE TUNNY","789",""
"2009","VIRGINIA","TUNA, SKIPJACK","2,474",""
"2009","VIRGINIA","TUNA, YELLOWFIN","24,901",""
"2008","ALABAMA","TUNA, BLACKFIN","1,236,281",""
"2008","ALABAMA","TUNA, LITTLE TUNNY","95,286",""
"2008","ALABAMA","TUNA, YELLOWFIN","448,154",""
"2008","DELAWARE","TUNA, BLUEFIN","15,252",""
"2008","DELAWARE","TUNA, LITTLE TUNNY","20,505",""
"2008","DELAWARE","TUNA, YELLOWFIN","36,264",""
"2008","FLORIDA*","TUNA, BLACKFIN","1,805,234",""
"2008","FLORIDA*","TUNA, LITTLE TUNNY","4,866,352",""
"2008","FLORIDA*","TUNA, SKIPJACK","257,360",""
"2008","GEORGIA","TUNA, LITTLE TUNNY","73",""
"2008","HAWAII","TUNA, ALBACORE","",""
"2008","HAWAII","TUNA, BIGEYE","142,500",""
"2008","HAWAII","TUNA, KAWAKAWA","",""
"2008","HAWAII","TUNA, SKIPJACK","4,912,540",""
"2008","HAWAII","TUNA, YELLOWFIN","14,706,011",""
"2008","LOUISIANA","TUNA, BLACKFIN","742,621",""
"2008","LOUISIANA","TUNA, LITTLE TUNNY","15,355",""
"2008","LOUISIANA","TUNA, YELLOWFIN","696,538",""
"2008","MAINE","TUNA, BLUEFIN","",""
"2008","MARYLAND","TUNA, BLUEFIN","44,835",""
"2008","MARYLAND","TUNA, YELLOWFIN","9,537",""
"2008","MASSACHUSETTS","TUNA, BLUEFIN","997,956",""
"2008","MASSACHUSETTS","TUNA, LITTLE TUNNY","7,022",""
"2008","MASSACHUSETTS","TUNA, YELLOWFIN","",""
"2008","MISSISSIPPI","TUNA, LITTLE TUNNY","675",""
"2008","NEW HAMPSHIRE","TUNA, BLUEFIN","18,563",""
"2008","NEW JERSEY","TUNA, ALBACORE","34,240",""
"2008","NEW JERSEY","TUNA, BIGEYE","",""
"2008","NEW JERSEY","TUNA, BLUEFIN","481,486",""
"2008","NEW JERSEY","TUNA, LITTLE TUNNY","2,756",""
"2008","NEW JERSEY","TUNA, SKIPJACK","3,142",""
"2008","NEW JERSEY","TUNA, YELLOWFIN","289,304",""
"2008","NEW YORK","TUNA, ALBACORE","368,126",""
"2008","NEW YORK","TUNA, BLUEFIN","",""
"2008","NEW YORK","TUNA, LITTLE TUNNY","1,506",""
"2008","NORTH CAROLINA","TUNA, ALBACORE","",""
"2008","NORTH CAROLINA","TUNA, BIGEYE","13,091",""
"2008","NORTH CAROLINA","TUNA, BLACKFIN","141,010",""
"2008","NORTH CAROLINA","TUNA, BLUEFIN","28,508",""
"2008","NORTH CAROLINA","TUNA, LITTLE TUNNY","76,229",""
"2008","NORTH CAROLINA","TUNA, SKIPJACK","8,680",""
"2008","NORTH CAROLINA","TUNA, YELLOWFIN","610,666",""
"2008","RHODE ISLAND","TUNA, BLUEFIN","13,095",""
"2008","SOUTH CAROLINA","TUNA, BLACKFIN","1,336",""
"2008","TEXAS","TUNA, LITTLE TUNNY","",""
"2008","VIRGINIA","TUNA, ALBACORE","220",""
"2008","VIRGINIA","TUNA, BLUEFIN","104,876",""
"2008","VIRGINIA","TUNA, YELLOWFIN","176,452",""
"2007","ALABAMA","TUNA, BLACKFIN","170,823",""
"2007","ALABAMA","TUNA, LITTLE TUNNY","57,885",""
"2007","ALABAMA","TUNA, YELLOWFIN","105,441",""
"2007","CONNECTICUT","TUNA, LITTLE TUNNY","",""
"2007","DELAWARE","TUNA, ALBACORE","5,545",""
"2007","DELAWARE","TUNA, BLUEFIN","31,006",""
"2007","DELAWARE","TUNA, LITTLE TUNNY","86",""
"2007","DELAWARE","TUNA, SKIPJACK","",""
"2007","DELAWARE","TUNA, YELLOWFIN","18,234",""
"2007","DELAWARE","TUNAS","",""
"2007","FLORIDA*","TUNA, BLACKFIN","1,964,308",""
"2007","FLORIDA*","TUNA, LITTLE TUNNY","6,596,052",""
"2007","FLORIDA*","TUNA, SKIPJACK","1,041,156",""
"2007","FLORIDA*","TUNA, YELLOWFIN","42,752",""
"2007","FLORIDA*","TUNAS","",""
"2007","GEORGIA","TUNA, LITTLE TUNNY","6,501",""
"2007","HAWAII","TUNA, ALBACORE","12,626",""
"2007","HAWAII","TUNA, BIGEYE","364,965",""
"2007","HAWAII","TUNA, KAWAKAWA","24,588",""
"2007","HAWAII","TUNA, SKIPJACK","1,721,929",""
"2007","HAWAII","TUNA, YELLOWFIN","11,129,024",""
"2007","LOUISIANA","TUNA, BLACKFIN","167,294",""
"2007","LOUISIANA","TUNA, LITTLE TUNNY","11,953",""
"2007","LOUISIANA","TUNA, YELLOWFIN","488,849",""
"2007","MARYLAND","TUNA, ALBACORE","15,238",""
"2007","MARYLAND","TUNA, BLUEFIN","43,387",""
"2007","MARYLAND","TUNA, LITTLE TUNNY","6,094",""
"2007","MARYLAND","TUNA, SKIPJACK","1,001",""
"2007","MARYLAND","TUNA, YELLOWFIN","106,885",""
"2007","MASSACHUSETTS","TUNA, ALBACORE","",""
"2007","MASSACHUSETTS","TUNA, BLUEFIN","1,143,475",""
"2007","MASSACHUSETTS","TUNA, LITTLE TUNNY","73,619",""
"2007","MISSISSIPPI","TUNA, LITTLE TUNNY","7,513",""
"2007","NEW HAMPSHIRE","TUNAS","",""
"2007","NEW JERSEY","TUNA, ALBACORE","148,585",""
"2007","NEW JERSEY","TUNA, BLUEFIN","1,001,301",""
"2007","NEW JERSEY","TUNA, LITTLE TUNNY","606",""
"2007","NEW JERSEY","TUNA, SKIPJACK","",""
"2007","NEW JERSEY","TUNA, YELLOWFIN","3,432,267",""
"2007","NEW YORK","TUNA, ALBACORE","2,499,411",""
"2007","NEW YORK","TUNA, LITTLE TUNNY","177,239",""
"2007","NEW YORK","TUNA, YELLOWFIN","3,295,082",""
"2007","NORTH CAROLINA","TUNA, BIGEYE","130,203",""
"2007","NORTH CAROLINA","TUNA, BLACKFIN","366,113",""
"2007","NORTH CAROLINA","TUNA, BLUEFIN","566,183",""
"2007","NORTH CAROLINA","TUNA, LITTLE TUNNY","29,493",""
"2007","NORTH CAROLINA","TUNA, SKIPJACK","324",""
"2007","NORTH CAROLINA","TUNA, YELLOWFIN","3,886,047",""
"2007","NORTH CAROLINA","TUNAS","",""
"2007","RHODE ISLAND","TUNA, BLUEFIN","25,042",""
"2007","RHODE ISLAND","TUNA, LITTLE TUNNY","62,620",""
"2007","SOUTH CAROLINA","TUNA, SKIPJACK","342",""
"2007","SOUTH CAROLINA","TUNA, YELLOWFIN","3,296",""
"2007","TEXAS","TUNA, LITTLE TUNNY","",""
"2007","VIRGINIA","TUNA, BIGEYE","56,094",""
"2007","VIRGINIA","TUNA, BLUEFIN","",""
"2007","VIRGINIA","TUNA, LITTLE TUNNY","481",""
"2007","VIRGINIA","TUNA, YELLOWFIN","179,666",""
"2006","ALABAMA","TUNA, BLACKFIN","177,179",""
"2006","ALABAMA","TUNA, LITTLE TUNNY","130,216",""
"2006","ALABAMA","TUNA, SKIPJACK","342",""
"2006","ALABAMA","TUNA, YELLOWFIN","78,456",""
"2006","DELAWARE","TUNA, ALBACORE","657",""
"2006","DELAWARE","TUNA, BLUEFIN","10,873",""
"2006","DELAWARE","TUNA, YELLOWFIN","554,309",""
"2006","FLORIDA*","TUNA, BLACKFIN","2,511,168",""
"2006","FLORIDA*","TUNA, LITTLE TUNNY","6,597,792",""
"2006","FLORIDA*","TUNA, SKIPJACK","98,996",""
"2006","FLORIDA*","TUNA, YELLOWFIN","17,126",""
"2006","FLORIDA*","TUNAS","",""
"2006","GEORGIA","TUNA, LITTLE TUNNY","53",""
"2006","HAWAII","TUNA, ALBACORE","",""
"2006","HAWAII","TUNA, BIGEYE","108,322",""
"2006","HAWAII","TUNA, KAWAKAWA","58,625",""
"2006","HAWAII","TUNA, SKIPJACK","1,478,717",""
"2006","HAWAII","TUNA, YELLOWFIN","6,639,235",""
"2006","LOUISIANA","TUNA, BIGEYE","",""
"2006","LOUISIANA","TUNA, BLACKFIN","510,093",""
"2006","LOUISIANA","TUNA, LITTLE TUNNY","18,867",""
"2006","LOUISIANA","TUNA, SKIPJACK","853",""
"2006","LOUISIANA","TUNA, YELLOWFIN","767,941",""
"2006","MARYLAND","TUNA, ALBACORE","437",""
"2006","MARYLAND","TUNA, BLUEFIN","155,997",""
"2006","MARYLAND","TUNA, LITTLE TUNNY","589",""
"2006","MARYLAND","TUNA, SKIPJACK","",""
"2006","MARYLAND","TUNA, YELLOWFIN","294,397",""
"2006","MASSACHUSETTS","TUNA, BLUEFIN","64,640",""
"2006","MASSACHUSETTS","TUNA, LITTLE TUNNY","22,675",""
"2006","MASSACHUSETTS","TUNA, SKIPJACK","",""
"2006","MISSISSIPPI","TUNA, LITTLE TUNNY","96,100",""
"2006","NEW JERSEY","TUNA, ALBACORE","58,475",""
"2006","NEW JERSEY","TUNA, BIGEYE","",""
"2006","NEW JERSEY","TUNA, BLUEFIN","652,514",""
"2006","NEW JERSEY","TUNA, LITTLE TUNNY","388",""
"2006","NEW JERSEY","TUNA, SKIPJACK","",""
"2006","NEW JERSEY","TUNA, YELLOWFIN","1,151,839",""
"2006","NEW YORK","TUNA, ALBACORE","156,195",""
"2006","NEW YORK","TUNA, BLUEFIN","",""
"2006","NEW YORK","TUNA, LITTLE TUNNY","",""
"2006","NEW YORK","TUNA, YELLOWFIN","498,796",""
"2006","NEW YORK","TUNAS","",""
"2006","NORTH CAROLINA","TUNA, ALBACORE","",""
"2006","NORTH CAROLINA","TUNA, BIGEYE","473,705",""
"2006","NORTH CAROLINA","TUNA, BLACKFIN","98,575",""
"2006","NORTH CAROLINA","TUNA, BLUEFIN","4,378",""
"2006","NORTH CAROLINA","TUNA, LITTLE TUNNY","29,943",""
"2006","NORTH CAROLINA","TUNA, SKIPJACK","4,819",""
"2006","NORTH CAROLINA","TUNA, YELLOWFIN","7,182,999",""
"2006","NORTH CAROLINA","TUNAS","",""
"2006","SOUTH CAROLINA","TUNA, LITTLE TUNNY","1,832",""
"2006","TEXAS","TUNA, LITTLE TUNNY","",""
"2006","VIRGINIA","TUNA, BLUEFIN","4,903",""
"2006","VIRGINIA","TUNA, LITTLE TUNNY","",""
"2006","VIRGINIA","TUNA, SKIPJACK","481",""
"2006","VIRGINIA","TUNA, YELLOWFIN","25,399",""
"2005","ALABAMA","TUNA, BLACKFIN","67,761",""
"2005","ALABAMA","TUNA, LITTLE TUNNY","44,353",""
"2005","ALABAMA","TUNA, YELLOWFIN","2,405",""
"2005","CONNECTICUT","TUNA, BLUEFIN","7,066",""
"2005","DELAWARE","TUNA, BLUEFIN","22,736",""
"2005","DELAWARE","TUNA, SKIPJACK","",""
"2005","DELAWARE","TUNA, YELLOWFIN","224,157",""
"2005","FLORIDA*","TUNA, BIGEYE","3,762",""
"2005","FLORIDA*","TUNA, BLACKFIN","683,240",""
"2005","FLORIDA*","TUNA, BLUEFIN","",""
"2005","FLORIDA*","TUNA, LITTLE TUNNY","3,598,988",""
"2005","FLORIDA*","TUNA, SKIPJACK","54,136",""
"2005","FLORIDA*","TUNA, YELLOWFIN","423,980",""
"2005","FLORIDA*","TUNAS","",""
"2005","HAWAII","TUNA, BIGEYE","2,219,755",""
"2005","HAWAII","TUNA, KAWAKAWA","17,099",""
"2005","HAWAII","TUNA, SKIPJACK","1,611,166",""
"2005","HAWAII","TUNA, YELLOWFIN","4,513,045",""
"2005","LOUISIANA","TUNA, BLACKFIN","275,466",""
"2005","LOUISIANA","TUNA, LITTLE TUNNY","8,461",""
"2005","LOUISIANA","TUNA, SKIPJACK","2,094",""
"2005","LOUISIANA","TUNA, YELLOWFIN","526,758",""
"2005","MARYLAND","TUNA, ALBACORE","",""
"2005","MARYLAND","TUNA, BLUEFIN","1,217,976",""
"2005","MARYLAND","TUNA, LITTLE TUNNY","204,887",""
"2005","MARYLAND","TUNA, SKIPJACK","53",""
"2005","MARYLAND","TUNA, YELLOWFIN","450,105",""
"2005","MASSACHUSETTS","TUNA, BLUEFIN","142,370",""
"2005","MASSACHUSETTS","TUNA, LITTLE TUNNY","",""
"2005","MISSISSIPPI","TUNA, LITTLE TUNNY","386",""
"2005","NEW JERSEY","TUNA, ALBACORE","285,087",""
"2005","NEW JERSEY","TUNA, BLUEFIN","621,325",""
"2005","NEW JERSEY","TUNA, LITTLE TUNNY","117,626",""
"2005","NEW JERSEY","TUNA, YELLOWFIN","1,738,135",""
"2005","NEW JERSEY","TUNAS","",""
"2005","NEW YORK","TUNA, ALBACORE","271,250",""
"2005","NEW YORK","TUNA, LITTLE TUNNY","",""
"2005","NEW YORK","TUNA, YELLOWFIN","4,544,223",""
"2005","NORTH CAROLINA","TUNA, BIGEYE","270,578",""
"2005","NORTH CAROLINA","TUNA, BLACKFIN","38,001",""
"2005","NORTH CAROLINA","TUNA, BLUEFIN","1,373",""
"2005","NORTH CAROLINA","TUNA, LITTLE TUNNY","69,869",""
"2005","NORTH CAROLINA","TUNA, SKIPJACK","567",""
"2005","NORTH CAROLINA","TUNA, YELLOWFIN","7,080,804",""
"2005","NORTH CAROLINA","TUNAS","",""
"2005","RHODE ISLAND","TUNA, BLUEFIN","37,999",""
"2005","RHODE ISLAND","TUNA, LITTLE TUNNY","163",""
"2005","RHODE ISLAND","TUNA, YELLOWFIN","",""
"2005","SOUTH CAROLINA","TUNA, LITTLE TUNNY","955",""
"2005","SOUTH CAROLINA","TUNA, YELLOWFIN","153,695",""
"2005","TEXAS","TUNA, LITTLE TUNNY","",""
"2005","VIRGINIA","TUNA, ALBACORE","6,129",""
"2005","VIRGINIA","TUNA, BLUEFIN","336,514",""
"2005","VIRGINIA","TUNA, LITTLE TUNNY","449,289",""
"2005","VIRGINIA","TUNA, SKIPJACK","1,942",""
"2005","VIRGINIA","TUNA, YELLOWFIN","200,958",""
"2004","ALABAMA","TUNA, BLACKFIN","36,623",""
"2004","ALABAMA","TUNA, LITTLE TUNNY","79,816",""
"2004","ALABAMA","TUNA, YELLOWFIN","19,286",""
"2004","CONNECTICUT","TUNA, LITTLE TUNNY","2,299",""
"2004","DELAWARE","TUNA, ALBACORE","28,799",""
"2004","DELAWARE","TUNA, BLACKFIN","",""
"2004","DELAWARE","TUNA, BLUEFIN","77,733",""
"2004","DELAWARE","TUNA, LITTLE TUNNY","20,946",""
"2004","DELAWARE","TUNA, SKIPJACK","",""
"2004","DELAWARE","TUNA, YELLOWFIN","21,268",""
"2004","FLORIDA*","TUNA, ALBACORE","",""
"2004","FLORIDA*","TUNA, BLACKFIN","2,163,346",""
"2004","FLORIDA*","TUNA, LITTLE TUNNY","9,397,666",""
"2004","FLORIDA*","TUNA, SKIPJACK","46,686",""
"2004","FLORIDA*","TUNA, YELLOWFIN","4,074",""
"2004","FLORIDA*","TUNAS","",""
"2004","GEORGIA","TUNA, LITTLE TUNNY","196",""
"2004","HAWAII","TUNA, BIGEYE","31,240",""
"2004","HAWAII","TUNA, KAWAKAWA","",""
"2004","HAWAII","TUNA, SKIPJACK","2,290,113",""
"2004","HAWAII","TUNA, YELLOWFIN","4,933,722",""
"2004","LOUISIANA","TUNA, BIGEYE","7,895",""
"2004","LOUISIANA","TUNA, BLACKFIN","442,651",""
"2004","LOUISIANA","TUNA, LITTLE TUNNY","3,477",""
"2004","LOUISIANA","TUNA, SKIPJACK","",""
"2004","LOUISIANA","TUNA, YELLOWFIN","682,214",""
"2004","LOUISIANA","TUNAS","",""
"2004","MARYLAND","TUNA, ALBACORE","530,177",""
"2004","MARYLAND","TUNA, BLUEFIN","1,038,411",""
"2004","MARYLAND","TUNA, SKIPJACK","8,267",""
"2004","MARYLAND","TUNA, YELLOWFIN","143,894",""
"2004","MASSACHUSETTS","TUNA, LITTLE TUNNY","158,279",""
"2004","MISSISSIPPI","TUNA, LITTLE TUNNY","1,001",""
"2004","NEW HAMPSHIRE","TUNA, BLUEFIN","5,695",""
"2004","NEW JERSEY","TUNA, ALBACORE","1,761,486",""
"2004","NEW JERSEY","TUNA, BLUEFIN","424,974",""
"2004","NEW JERSEY","TUNA, LITTLE TUNNY","64,730",""
"2004","NEW JERSEY","TUNA, SKIPJACK","41,729",""
"2004","NEW JERSEY","TUNA, YELLOWFIN","352,782",""
"2004","NEW YORK","TUNA, BLUEFIN","2,711,975",""
"2004","NEW YORK","TUNA, LITTLE TUNNY","148,995",""
"2004","NEW YORK","TUNA, YELLOWFIN","2,297,106",""
"2004","NORTH CAROLINA","TUNA, BIGEYE","3,990",""
"2004","NORTH CAROLINA","TUNA, BLACKFIN","112,835",""
"2004","NORTH CAROLINA","TUNA, BLUEFIN","",""
"2004","NORTH CAROLINA","TUNA, LITTLE TUNNY","95,090",""
"2004","NORTH CAROLINA","TUNA, SKIPJACK","12,039",""
"2004","NORTH CAROLINA","TUNA, YELLOWFIN","5,379,273",""
"2004","NORTH CAROLINA","TUNAS","",""
"2004","RHODE ISLAND","TUNA, ALBACORE","8,682",""
"2004","RHODE ISLAND","TUNA, BLUEFIN","10,554",""
"2004","RHODE ISLAND","TUNA, LITTLE TUNNY","25,404",""
"2004","RHODE ISLAND","TUNA, SKIPJACK","",""
"2004","RHODE ISLAND","TUNA, YELLOWFIN","8,263",""
"2004","SOUTH CAROLINA","TUNA, ALBACORE","",""
"2004","SOUTH CAROLINA","TUNA, BLACKFIN","7,738",""
"2004","SOUTH CAROLINA","TUNA, LITTLE TUNNY","21,286",""
"2004","SOUTH CAROLINA","TUNA, YELLOWFIN","11,215",""
"2004","TEXAS","TUNA, LITTLE TUNNY","",""
"2004","VIRGINIA","TUNA, BLUEFIN","137,747",""
"2004","VIRGINIA","TUNA, LITTLE TUNNY","930",""
"2004","VIRGINIA","TUNA, SKIPJACK","13,285",""
"2004","VIRGINIA","TUNA, YELLOWFIN","322,473",""
"2003","ALABAMA","TUNA, BLACKFIN","43,660",""
"2003","ALABAMA","TUNA, LITTLE TUNNY","57,188",""
"2003","ALABAMA","TUNA, SKIPJACK","463",""
"2003","ALABAMA","TUNA, YELLOWFIN","105,928",""
"2003","CALIFORNIA","TUNA, ALBACORE","2,662,053",""
"2003","CALIFORNIA","TUNA, BIGEYE","2,357",""
"2003","CALIFORNIA","TUNA, BLUEFIN","",""
"2003","CALIFORNIA","TUNA, SKIPJACK","272,719",""
"2003","CALIFORNIA","TUNA, YELLOWFIN","185,519",""
"2003","CONNECTICUT","TUNA, LITTLE TUNNY","11,766",""
"2003","DELAWARE","TUNA, BLACKFIN","",""
"2003","DELAWARE","TUNA, BLUEFIN","222,261",""
"2003","DELAWARE","TUNA, LITTLE TUNNY","201",""
"2003","DELAWARE","TUNA, YELLOWFIN","264,894",""
"2003","FLORIDA*","TUNA, BLACKFIN","1,737,596",""
"2003","FLORIDA*","TUNA, LITTLE TUNNY","6,015,494",""
"2003","FLORIDA*","TUNA, SKIPJACK","141,846",""
"2003","FLORIDA*","TUNA, YELLOWFIN","26,950",""
"2003","FLORIDA*","TUNAS","",""
"2003","GEORGIA","TUNA, LITTLE TUNNY","55",""
"2003","GEORGIA","TUNA, YELLOWFIN","106",""
"2003","HAWAII","TUNA, ALBACORE","25,358",""
"2003","HAWAII","TUNA, BIGEYE","",""
"2003","HAWAII","TUNA, BLUEFIN","",""
"2003","HAWAII","TUNA, KAWAKAWA","5,027",""
"2003","HAWAII","TUNA, SKIPJACK","2,252,178",""
"2003","HAWAII","TUNA, YELLOWFIN","11,141,173",""
"2003","LOUISIANA","TUNA, BLACKFIN","1,087,277",""
"2003","LOUISIANA","TUNA, LITTLE TUNNY","187,724",""
"2003","LOUISIANA","TUNA, SKIPJACK","692",""
"2003","LOUISIANA","TUNA, YELLOWFIN","3,209,364",""
"2003","LOUISIANA","TUNAS","",""
"2003","MARYLAND","TUNA, BLUEFIN","637,463",""
"2003","MARYLAND","TUNA, LITTLE TUNNY","14,048",""
"2003","MARYLAND","TUNA, SKIPJACK","",""
"2003","MARYLAND","TUNA, YELLOWFIN","4,036,859",""
"2003","MARYLAND","TUNAS","",""
"2003","MASSACHUSETTS","TUNA, BLUEFIN","34,136",""
"2003","MASSACHUSETTS","TUNA, LITTLE TUNNY","37,071",""
"2003","MASSACHUSETTS","TUNA, YELLOWFIN","115,441",""
"2003","MISSISSIPPI","TUNA, LITTLE TUNNY","1,799",""
"2003","NEW JERSEY","TUNA, ALBACORE","409,262",""
"2003","NEW JERSEY","TUNA, BLACKFIN","",""
"2003","NEW JERSEY","TUNA, BLUEFIN","1,889,279",""
"2003","NEW JERSEY","TUNA, LITTLE TUNNY","",""
"2003","NEW JERSEY","TUNA, SKIPJACK","",""
"2003","NEW JERSEY","TUNA, YELLOWFIN","3,226,000",""
"2003","NEW YORK","TUNA, ALBACORE","975,806",""
"2003","NEW YORK","TUNA, BLUEFIN","289,174",""
"2003","NEW YORK","TUNA, LITTLE TUNNY","",""
"2003","NEW YORK","TUNA, YELLOWFIN","1,993,494",""
"2003","NORTH CAROLINA","TUNA, BIGEYE","142,412",""
"2003","NORTH CAROLINA","TUNA, BLACKFIN","42,152",""
"2003","NORTH CAROLINA","TUNA, BLUEFIN","",""
"2003","NORTH CAROLINA","TUNA, LITTLE TUNNY","79,071",""
"2003","NORTH CAROLINA","TUNA, SKIPJACK","6,435",""
"2003","NORTH CAROLINA","TUNA, YELLOWFIN","4,997,811",""
"2003","OREGON","TUNA, ALBACORE","",""
"2003","RHODE ISLAND","TUNA, ALBACORE","20,820",""
"2003","RHODE ISLAND","TUNA, BLUEFIN","63,154",""
"2003","RHODE ISLAND","TUNA, LITTLE TUNNY","2,416",""
"2003","RHODE ISLAND","TUNA, SKIPJACK","17,666",""
"2003","RHODE ISLAND","TUNA, YELLOWFIN","141,332",""
"2003","SOUTH CAROLINA","TUNA, BLACKFIN","3,157",""
"2003","SOUTH CAROLINA","TUNA, BLUEFIN","",""
"2003","SOUTH CAROLINA","TUNA, LITTLE TUNNY","",""
"2003","SOUTH CAROLINA","TUNA, YELLOWFIN","156,520",""
"2003","TEXAS","TUNA, LITTLE TUNNY","",""
"2003","VIRGINIA","TUNA, BLUEFIN","239,303",""
"2003","VIRGINIA","TUNA, LITTLE TUNNY","",""
"2003","VIRGINIA","TUNA, YELLOWFIN","314,966",""
"2003","WASHINGTON","TUNA, ALBACORE","198,941",""
"2002","ALABAMA","TUNA, BLACKFIN","25,153",""
"2002","ALABAMA","TUNA, LITTLE TUNNY","228,183",""
"2002","ALABAMA","TUNA, YELLOWFIN","57,472",""
"2002","CALIFORNIA","TUNA, ALBACORE","1,919,597",""
"2002","CALIFORNIA","TUNA, BLUEFIN","63,390",""
"2002","CALIFORNIA","TUNA, SKIPJACK","13,265",""
"2002","CONNECTICUT","TUNA, BIGEYE","",""
"2002","CONNECTICUT","TUNA, LITTLE TUNNY","",""
"2002","DELAWARE","TUNA, BLUEFIN","150,351",""
"2002","DELAWARE","TUNA, LITTLE TUNNY","370",""
"2002","DELAWARE","TUNA, YELLOWFIN","1,009,841",""
"2002","FLORIDA*","TUNA, ALBACORE","",""
"2002","FLORIDA*","TUNA, BLACKFIN","1,902,508",""
"2002","FLORIDA*","TUNA, LITTLE TUNNY","7,797,938",""
"2002","FLORIDA*","TUNA, SKIPJACK","274,264",""
"2002","FLORIDA*","TUNA, YELLOWFIN","143,626",""
"2002","FLORIDA*","TUNAS","",""
"2002","LOUISIANA","TUNA, BLACKFIN","353,445",""
"2002","LOUISIANA","TUNA, LITTLE TUNNY","3,995",""
"2002","LOUISIANA","TUNA, SKIPJACK","1,490",""
"2002","LOUISIANA","TUNA, YELLOWFIN","753,071",""
"2002","LOUISIANA","TUNAS","",""
"2002","MARYLAND","TUNA, ALBACORE","444,554",""
"2002","MARYLAND","TUNA, BLUEFIN","1,179,364",""
"2002","MARYLAND","TUNA, LITTLE TUNNY","10,249",""
"2002","MARYLAND","TUNA, YELLOWFIN","2,703,425",""
"2002","MASSACHUSETTS","TUNA, ALBACORE","265,260",""
"2002","MASSACHUSETTS","TUNA, LITTLE TUNNY","55,473",""
"2002","MASSACHUSETTS","TUNA, YELLOWFIN","4,581",""
"2002","MISSISSIPPI","TUNA, LITTLE TUNNY","14,279",""
"2002","NEW JERSEY","TUNA, ALBACORE","888,702",""
"2002","NEW JERSEY","TUNA, BLUEFIN","715,908",""
"2002","NEW JERSEY","TUNA, LITTLE TUNNY","3,801",""
"2002","NEW JERSEY","TUNA, YELLOWFIN","2,773,841",""
"2002","NEW YORK","TUNA, ALBACORE","4,445,127",""
"2002","NEW YORK","TUNA, BIGEYE","",""
"2002","NEW YORK","TUNA, LITTLE TUNNY","",""
"2002","NEW YORK","TUNA, YELLOWFIN","425,246",""
"2002","NORTH CAROLINA","TUNA, BIGEYE","18,570",""
"2002","NORTH CAROLINA","TUNA, BLACKFIN","106,406",""
"2002","NORTH CAROLINA","TUNA, BLUEFIN","57,847",""
"2002","NORTH CAROLINA","TUNA, LITTLE TUNNY","61,386",""
"2002","NORTH CAROLINA","TUNA, SKIPJACK","6,122",""
"2002","NORTH CAROLINA","TUNA, YELLOWFIN","3,396,504",""
"2002","OREGON","TUNA, ALBACORE","59,218",""
"2002","RHODE ISLAND","TUNA, ALBACORE","46,493",""
"2002","RHODE ISLAND","TUNA, BIGEYE","",""
"2002","RHODE ISLAND","TUNA, BLUEFIN","29,624",""
"2002","RHODE ISLAND","TUNA, LITTLE TUNNY","45,404",""
"2002","RHODE ISLAND","TUNA, SKIPJACK","3,730",""
"2002","RHODE ISLAND","TUNA, YELLOWFIN","102,032",""
"2002","RHODE ISLAND","TUNAS","",""
"2002","SOUTH CAROLINA","TUNA, BLACKFIN","3,461",""
"2002","SOUTH CAROLINA","TUNA, LITTLE TUNNY","4,288",""
"2002","SOUTH CAROLINA","TUNA, SKIPJACK","",""
"2002","SOUTH CAROLINA","TUNA, YELLOWFIN","79,470",""
"2002","TEXAS","TUNA, LITTLE TUNNY","",""
"2002","VIRGINIA","TUNA, BLUEFIN","181,463",""
"2002","VIRGINIA","TUNA, YELLOWFIN","427,457",""
"2002","WASHINGTON","TUNA, ALBACORE","96,102",""
"2001","ALABAMA","TUNA, BLACKFIN","187,499",""
"2001","ALABAMA","TUNA, LITTLE TUNNY","34,705",""
"2001","ALABAMA","TUNA, SKIPJACK","14,332",""
"2001","ALABAMA","TUNA, YELLOWFIN","467,993",""
"2001","CALIFORNIA","TUNA, ALBACORE","2,550,693",""
"2001","CALIFORNIA","TUNA, BLUEFIN","30,713",""
"2001","CALIFORNIA","TUNA, SKIPJACK","3,386",""
"2001","CONNECTICUT","TUNA, LITTLE TUNNY","13,865",""
"2001","DELAWARE","TUNA, ALBACORE","245,320",""
"2001","DELAWARE","TUNA, BLUEFIN","630,743",""
"2001","DELAWARE","TUNA, LITTLE TUNNY","556",""
"2001","DELAWARE","TUNA, SKIPJACK","",""
"2001","DELAWARE","TUNA, YELLOWFIN","1,589,215",""
"2001","DELAWARE","TUNAS","",""
"2001","FLORIDA*","TUNA, ALBACORE","",""
"2001","FLORIDA*","TUNA, BLACKFIN","1,076,430",""
"2001","FLORIDA*","TUNA, BLUEFIN","",""
"2001","FLORIDA*","TUNA, LITTLE TUNNY","5,874,124",""
"2001","FLORIDA*","TUNA, SKIPJACK","188,116",""
"2001","FLORIDA*","TUNA, YELLOWFIN","265,000",""
"2001","FLORIDA*","TUNAS","",""
"2001","GEORGIA","TUNA, BIGEYE","9,692",""
"2001","GEORGIA","TUNA, SKIPJACK","",""
"2001","LOUISIANA","TUNA, BLACKFIN","841,463",""
"2001","LOUISIANA","TUNA, LITTLE TUNNY","138,221",""
"2001","LOUISIANA","TUNA, SKIPJACK","6,991",""
"2001","LOUISIANA","TUNA, YELLOWFIN","1,685,047",""
"2001","MARYLAND","TUNA, BLUEFIN","2,843,474",""
"2001","MARYLAND","TUNA, LITTLE TUNNY","",""
"2001","MARYLAND","TUNA, YELLOWFIN","3,458,266",""
"2001","MASSACHUSETTS","TUNA, LITTLE TUNNY","11,519",""
"2001","MASSACHUSETTS","TUNA, YELLOWFIN","",""
"2001","MISSISSIPPI","TUNA, LITTLE TUNNY","1,667",""
"2001","NEW JERSEY","TUNA, ALBACORE","1,965,529",""
"2001","NEW JERSEY","TUNA, BLUEFIN","3,076,558",""
"2001","NEW JERSEY","TUNA, LITTLE TUNNY","6,281",""
"2001","NEW JERSEY","TUNA, SKIPJACK","",""
"2001","NEW JERSEY","TUNA, YELLOWFIN","3,075,647",""
"2001","NEW YORK","TUNA, ALBACORE","131,266",""
"2001","NEW YORK","TUNA, BIGEYE","248,642",""
"2001","NEW YORK","TUNA, BLUEFIN","",""
"2001","NEW YORK","TUNA, LITTLE TUNNY","",""
"2001","NEW YORK","TUNA, SKIPJACK","15,108",""
"2001","NEW YORK","TUNA, YELLOWFIN","2,451,939",""
"2001","NEW YORK","TUNAS","",""
"2001","NORTH CAROLINA","TUNA, BIGEYE","423,839",""
"2001","NORTH CAROLINA","TUNA, BLACKFIN","29,194",""
"2001","NORTH CAROLINA","TUNA, BLUEFIN","622,731",""
"2001","NORTH CAROLINA","TUNA, LITTLE TUNNY","53,956",""
"2001","NORTH CAROLINA","TUNA, SKIPJACK","11,782",""
"2001","NORTH CAROLINA","TUNA, YELLOWFIN","5,028,365",""
"2001","NORTH CAROLINA","TUNAS","",""
"2001","OREGON","TUNA, ALBACORE","172,049",""
"2001","RHODE ISLAND","TUNA, BLUEFIN","25,869",""
"2001","RHODE ISLAND","TUNA, LITTLE TUNNY","5,798",""
"2001","RHODE ISLAND","TUNA, SKIPJACK","5,251",""
"2001","RHODE ISLAND","TUNA, YELLOWFIN","",""
"2001","RHODE ISLAND","TUNAS","",""
"2001","SOUTH CAROLINA","TUNA, YELLOWFIN","83,388",""
"2001","TEXAS","TUNA, LITTLE TUNNY","",""
"2001","VIRGINIA","TUNA, BIGEYE","82,453",""
"2001","VIRGINIA","TUNA, BLUEFIN","380,249",""
"2001","VIRGINIA","TUNA, LITTLE TUNNY","4,846",""
"2001","VIRGINIA","TUNA, YELLOWFIN","4,604,415",""
"2001","VIRGINIA","TUNAS","",""
"2001","WASHINGTON","TUNA, ALBACORE","1,032",""
"2000","ALABAMA","TUNA, BLACKFIN","26,918",""
"2000","ALABAMA","TUNA, LITTLE TUNNY","167,225",""
"2000","CALIFORNIA","TUNA, ALBACORE","1,454,968",""
"2000","CALIFORNIA","TUNA, BIGEYE","58,226",""
"2000","CALIFORNIA","TUNA, BLUEFIN","157,953",""
"2000","CALIFORNIA","TUNA, SKIPJACK","3,175",""
"2000","CALIFORNIA","TUNA, YELLOWFIN","1,500,329",""
"2000","CONNECTICUT","TUNA, LITTLE TUNNY","",""
"2000","DELAWARE","TUNA, ALBACORE","6,462",""
"2000","DELAWARE","TUNA, BLUEFIN","63,696",""
"2000","DELAWARE","TUNA, YELLOWFIN","519,676",""
"2000","FLORIDA*","TUNA, BLACKFIN","1,880,998",""
"2000","FLORIDA*","TUNA, BLUEFIN","1,666",""
"2000","FLORIDA*","TUNA, LITTLE TUNNY","5,961,618",""
"2000","FLORIDA*","TUNA, SKIPJACK","76,116",""
"2000","FLORIDA*","TUNA, YELLOWFIN","12,942",""
"2000","GEORGIA","TUNA, BLACKFIN","19,387",""
"2000","GEORGIA","TUNA, LITTLE TUNNY","25,062",""
"2000","LOUISIANA","TUNA, BLACKFIN","85,625",""
"2000","LOUISIANA","TUNA, LITTLE TUNNY","51,143",""
"2000","LOUISIANA","TUNA, SKIPJACK","6,213",""
"2000","LOUISIANA","TUNA, YELLOWFIN","316,752",""
"2000","MARYLAND","TUNA, LITTLE TUNNY","",""
"2000","MARYLAND","TUNA, YELLOWFIN","840,363",""
"2000","MASSACHUSETTS","TUNA, ALBACORE","",""
"2000","MASSACHUSETTS","TUNA, BLUEFIN","4,142,469",""
"2000","MASSACHUSETTS","TUNA, LITTLE TUNNY","",""
"2000","MASSACHUSETTS","TUNA, YELLOWFIN","",""
"2000","MISSISSIPPI","TUNA, LITTLE TUNNY","11,008",""
"2000","NEW JERSEY","TUNA, ALBACORE","99,160",""
"2000","NEW JERSEY","TUNA, BIGEYE","",""
"2000","NEW JERSEY","TUNA, BLUEFIN","2,617,906",""
"2000","NEW JERSEY","TUNA, LITTLE TUNNY","100,310",""
"2000","NEW JERSEY","TUNA, YELLOWFIN","7,801,061",""
"2000","NEW JERSEY","TUNAS","",""
"2000","NEW YORK","TUNA, ALBACORE","1,135,410",""
"2000","NEW YORK","TUNA, BLUEFIN","1,201,066",""
"2000","NEW YORK","TUNA, LITTLE TUNNY","",""
"2000","NEW YORK","TUNA, YELLOWFIN","2,142,494",""
"2000","NORTH CAROLINA","TUNA, BIGEYE","29,392",""
"2000","NORTH CAROLINA","TUNA, BLACKFIN","19,216",""
"2000","NORTH CAROLINA","TUNA, BLUEFIN","773,193",""
"2000","NORTH CAROLINA","TUNA, LITTLE TUNNY","85,780",""
"2000","NORTH CAROLINA","TUNA, SKIPJACK","4,171",""
"2000","NORTH CAROLINA","TUNA, YELLOWFIN","5,110,648",""
"2000","NORTH CAROLINA","TUNAS","",""
"2000","OREGON","TUNA, ALBACORE","88,855",""
"2000","RHODE ISLAND","TUNA, ALBACORE","",""
"2000","RHODE ISLAND","TUNA, LITTLE TUNNY","18,545",""
"2000","RHODE ISLAND","TUNA, YELLOWFIN","",""
"2000","RHODE ISLAND","TUNAS","",""
"2000","SOUTH CAROLINA","TUNA, ALBACORE","1,305",""
"2000","SOUTH CAROLINA","TUNA, BLACKFIN","4,385",""
"2000","SOUTH CAROLINA","TUNA, BLUEFIN","1,548",""
"2000","SOUTH CAROLINA","TUNA, LITTLE TUNNY","4,868",""
"2000","SOUTH CAROLINA","TUNA, YELLOWFIN","169,648",""
"2000","TEXAS","TUNA, LITTLE TUNNY","",""
"2000","VIRGINIA","TUNA, BLUEFIN","438,954",""
"2000","VIRGINIA","TUNA, LITTLE TUNNY","24,665",""
"2000","VIRGINIA","TUNA, YELLOWFIN","227,429",""
"2000","VIRGINIA","TUNAS","",""
"2000","WASHINGTON","TUNA, ALBACORE","179,529",""
"1999","ALABAMA","TUNA, BLACKFIN","2,811",""
"1999","ALABAMA","TUNA, LITTLE TUNNY","198,617",""
"1999","CALIFORNIA","TUNA, ALBACORE","4,438,191",""
"1999","CALIFORNIA","TUNA, BLUEFIN","25,355",""
"1999","CALIFORNIA","TUNA, SKIPJACK","",""
"1999","CONNECTICUT","TUNA, LITTLE TUNNY","13,666",""
"1999","DELAWARE","TUNA, LITTLE TUNNY","9,932",""
"1999","DELAWARE","TUNA, YELLOWFIN","21,215",""
"1999","FLORIDA*","TUNA, BIGEYE","1,804",""
"1999","FLORIDA*","TUNA, BLACKFIN","2,637,402",""
"1999","FLORIDA*","TUNA, LITTLE TUNNY","7,687,534",""
"1999","FLORIDA*","TUNA, SKIPJACK","749,780",""
"1999","FLORIDA*","TUNA, YELLOWFIN","745,084",""
"1999","FLORIDA*","TUNAS","",""
"1999","LOUISIANA","TUNA, BLACKFIN","1,116,433",""
"1999","LOUISIANA","TUNA, LITTLE TUNNY","51,205",""
"1999","LOUISIANA","TUNA, YELLOWFIN","667,679",""
"1999","MARYLAND","TUNA, ALBACORE","714,484",""
"1999","MARYLAND","TUNA, BLUEFIN","1,459,252",""
"1999","MARYLAND","TUNA, LITTLE TUNNY","6,208",""
"1999","MARYLAND","TUNA, YELLOWFIN","802,719",""
"1999","MASSACHUSETTS","TUNA, ALBACORE","",""
"1999","MASSACHUSETTS","TUNA, LITTLE TUNNY","45,488",""
"1999","MASSACHUSETTS","TUNA, YELLOWFIN","",""
"1999","MASSACHUSETTS","TUNAS","",""
"1999","MISSISSIPPI","TUNA, LITTLE TUNNY","17,569",""
"1999","NEW JERSEY","TUNA, BLUEFIN","117,555",""
"1999","NEW JERSEY","TUNA, LITTLE TUNNY","179,472",""
"1999","NEW JERSEY","TUNA, SKIPJACK","59,659",""
"1999","NEW JERSEY","TUNA, YELLOWFIN","5,408,971",""
"1999","NEW YORK","TUNA, LITTLE TUNNY","26,270",""
"1999","NEW YORK","TUNA, SKIPJACK","58,037",""
"1999","NEW YORK","TUNA, YELLOWFIN","215,813",""
"1999","NEW YORK","TUNAS","",""
"1999","NORTH CAROLINA","TUNA, BIGEYE","127,599",""
"1999","NORTH CAROLINA","TUNA, BLACKFIN","28,340",""
"1999","NORTH CAROLINA","TUNA, BLUEFIN","159,361",""
"1999","NORTH CAROLINA","TUNA, LITTLE TUNNY","90,008",""
"1999","NORTH CAROLINA","TUNA, SKIPJACK","31,023",""
"1999","NORTH CAROLINA","TUNA, YELLOWFIN","4,482,306",""
"1999","NORTH CAROLINA","TUNAS","",""
"1999","OREGON","TUNA, ALBACORE","40,294",""
"1999","RHODE ISLAND","TUNA, ALBACORE","",""
"1999","RHODE ISLAND","TUNA, BLUEFIN","1,967",""
"1999","RHODE ISLAND","TUNA, LITTLE TUNNY","103,401",""
"1999","RHODE ISLAND","TUNA, SKIPJACK","",""
"1999","RHODE ISLAND","TUNA, YELLOWFIN","",""
"1999","RHODE ISLAND","TUNAS","",""
"1999","SOUTH CAROLINA","TUNA, ALBACORE","19,857",""
"1999","SOUTH CAROLINA","TUNA, BIGEYE","454,799",""
"1999","SOUTH CAROLINA","TUNA, BLACKFIN","33,486",""
"1999","SOUTH CAROLINA","TUNA, YELLOWFIN","36,996",""
"1999","TEXAS","TUNA, LITTLE TUNNY","",""
"1999","VIRGINIA","TUNA, ALBACORE","132,813",""
"1999","VIRGINIA","TUNA, LITTLE TUNNY","34,112",""
"1999","VIRGINIA","TUNA, YELLOWFIN","753,505",""
"1999","WASHINGTON","TUNA, ALBACORE","67,640",""
"1998","ALABAMA","TUNA, BLACKFIN","74,419",""
"1998","ALABAMA","TUNA, LITTLE TUNNY","102,284",""
"1998","ALABAMA","TUNA, YELLOWFIN","113,862",""
"1998","CALIFORNIA","TUNA, ALBACORE","2,355,447",""
"1998","CALIFORNIA","TUNA, BLUEFIN","102,268",""
"1998","CALIFORNIA","TUNA, SKIPJACK","71,655",""
"1998","CALIFORNIA","TUNA, YELLOWFIN","447,821",""
"1998","CONNECTICUT","TUNA, BLUEFIN","",""
"1998","CONNECTICUT","TUNA, LITTLE TUNNY","161",""
"1998","CONNECTICUT","TUNAS","",""
"1998","DELAWARE","TUNA, BLUEFIN","8,922",""
"1998","DELAWARE","TUNA, LITTLE TUNNY","28,371",""
"1998","DELAWARE","TUNA, SKIPJACK","2,612",""
"1998","DELAWARE","TUNA, YELLOWFIN","153,277",""
"1998","FLORIDA*","TUNA, BIGEYE","2,452",""
"1998","FLORIDA*","TUNA, BLACKFIN","2,367,956",""
"1998","FLORIDA*","TUNA, LITTLE TUNNY","7,124,940",""
"1998","FLORIDA*","TUNA, SKIPJACK","292,998",""
"1998","FLORIDA*","TUNA, YELLOWFIN","67,584",""
"1998","FLORIDA*","TUNAS","",""
"1998","LOUISIANA","TUNA, BLACKFIN","874,222",""
"1998","LOUISIANA","TUNA, LITTLE TUNNY","6,250",""
"1998","LOUISIANA","TUNA, SKIPJACK","4,780",""
"1998","LOUISIANA","TUNA, YELLOWFIN","420,252",""
"1998","MARYLAND","TUNA, ALBACORE","",""
"1998","MARYLAND","TUNA, BLUEFIN","2,044,906",""
"1998","MARYLAND","TUNA, LITTLE TUNNY","121,091",""
"1998","MARYLAND","TUNA, SKIPJACK","24,657",""
"1998","MARYLAND","TUNA, YELLOWFIN","2,060,376",""
"1998","MASSACHUSETTS","TUNA, ALBACORE","",""
"1998","MASSACHUSETTS","TUNA, LITTLE TUNNY","1,276",""
"1998","MASSACHUSETTS","TUNA, YELLOWFIN","",""
"1998","MISSISSIPPI","TUNA, LITTLE TUNNY","48,253",""
"1998","NEW JERSEY","TUNA, LITTLE TUNNY","119,151",""
"1998","NEW JERSEY","TUNA, SKIPJACK","99,076",""
"1998","NEW JERSEY","TUNA, YELLOWFIN","2,453,139",""
"1998","NEW YORK","TUNA, ALBACORE","1,774,652",""
"1998","NEW YORK","TUNA, BLUEFIN","111,556",""
"1998","NEW YORK","TUNA, LITTLE TUNNY","",""
"1998","NEW YORK","TUNA, SKIPJACK","",""
"1998","NEW YORK","TUNA, YELLOWFIN","569,589",""
"1998","NORTH CAROLINA","TUNA, ALBACORE","",""
"1998","NORTH CAROLINA","TUNA, BIGEYE","155,644",""
"1998","NORTH CAROLINA","TUNA, BLACKFIN","28,848",""
"1998","NORTH CAROLINA","TUNA, BLUEFIN","",""
"1998","NORTH CAROLINA","TUNA, LITTLE TUNNY","200,846",""
"1998","NORTH CAROLINA","TUNA, SKIPJACK","15,009",""
"1998","NORTH CAROLINA","TUNA, YELLOWFIN","2,206,296",""
"1998","NORTH CAROLINA","TUNAS","3,000",""
"1998","OREGON","TUNA, ALBACORE","141,656",""
"1998","RHODE ISLAND","TUNA, ALBACORE","",""
"1998","RHODE ISLAND","TUNA, BIGEYE","",""
"1998","RHODE ISLAND","TUNA, BLACKFIN","",""
"1998","RHODE ISLAND","TUNA, BLUEFIN","",""
"1998","RHODE ISLAND","TUNA, LITTLE TUNNY","72,049",""
"1998","RHODE ISLAND","TUNA, SKIPJACK","6,519",""
"1998","RHODE ISLAND","TUNA, YELLOWFIN","",""
"1998","SOUTH CAROLINA","TUNA, BLACKFIN","19,848",""
"1998","SOUTH CAROLINA","TUNA, LITTLE TUNNY","",""
"1998","SOUTH CAROLINA","TUNA, SKIPJACK","362",""
"1998","SOUTH CAROLINA","TUNA, YELLOWFIN","270,071",""
"1998","TEXAS","TUNA, LITTLE TUNNY","",""
"1998","VIRGINIA","TUNA, BLUEFIN","251,318",""
"1998","VIRGINIA","TUNA, LITTLE TUNNY","19,965",""
"1998","VIRGINIA","TUNA, SKIPJACK","40,849",""
"1998","VIRGINIA","TUNA, YELLOWFIN","785,863",""
"1998","WASHINGTON","TUNA, ALBACORE","245,236",""
"1997","ALABAMA","TUNA, BLACKFIN","7,247",""
"1997","ALABAMA","TUNA, LITTLE TUNNY","36,639",""
"1997","CALIFORNIA","TUNA, ALBACORE","1,880,935",""
"1997","CALIFORNIA","TUNA, BLACK SKIPJACK","3,042",""
"1997","CALIFORNIA","TUNA, BLUEFIN","2,412",""
"1997","CALIFORNIA","TUNA, SKIPJACK","31,594",""
"1997","CALIFORNIA","TUNA, YELLOWFIN","121,559",""
"1997","CONNECTICUT","TUNA, LITTLE TUNNY","",""
"1997","DELAWARE","TUNA, ALBACORE","3,210",""
"1997","DELAWARE","TUNA, BLUEFIN","75,689",""
"1997","DELAWARE","TUNA, LITTLE TUNNY","18,918",""
"1997","DELAWARE","TUNA, YELLOWFIN","673,380",""
"1997","FLORIDA*","TUNA, ALBACORE","123,472",""
"1997","FLORIDA*","TUNA, BIGEYE","869,014",""
"1997","FLORIDA*","TUNA, BLACKFIN","787,046",""
"1997","FLORIDA*","TUNA, BLUEFIN","",""
"1997","FLORIDA*","TUNA, LITTLE TUNNY","4,641,166",""
"1997","FLORIDA*","TUNA, SKIPJACK","438,954",""
"1997","FLORIDA*","TUNA, YELLOWFIN","93,036",""
"1997","GEORGIA","TUNA, BIGEYE","1,808",""
"1997","LOUISIANA","TUNA, BLACKFIN","160,785",""
"1997","LOUISIANA","TUNA, LITTLE TUNNY","3,051",""
"1997","MARYLAND","TUNA, BLUEFIN","1,283,989",""
"1997","MARYLAND","TUNA, YELLOWFIN","2,478,485",""
"1997","MARYLAND","TUNAS","",""
"1997","MASSACHUSETTS","TUNA, ALBACORE","",""
"1997","MASSACHUSETTS","TUNA, BLUEFIN","",""
"1997","MASSACHUSETTS","TUNA, LITTLE TUNNY","16,621",""
"1997","MASSACHUSETTS","TUNA, YELLOWFIN","",""
"1997","MISSISSIPPI","TUNA, LITTLE TUNNY","83,119",""
"1997","NEW JERSEY","TUNA, BLUEFIN","2,837,845",""
"1997","NEW JERSEY","TUNA, LITTLE TUNNY","380,124",""
"1997","NEW JERSEY","TUNA, SKIPJACK","55,914",""
"1997","NEW JERSEY","TUNA, YELLOWFIN","1,064,432",""
"1997","NEW YORK","TUNA, ALBACORE","93,888",""
"1997","NEW YORK","TUNA, BLUEFIN","224,367",""
"1997","NEW YORK","TUNA, LITTLE TUNNY","89,107",""
"1997","NEW YORK","TUNA, SKIPJACK","",""
"1997","NEW YORK","TUNA, YELLOWFIN","3,069,840",""
"1997","NORTH CAROLINA","LITTLE TUNAS","",""
"1997","NORTH CAROLINA","TUNA, ALBACORE","3,697",""
"1997","NORTH CAROLINA","TUNA, BIGEYE","57,616",""
"1997","NORTH CAROLINA","TUNA, BLACKFIN","41,176",""
"1997","NORTH CAROLINA","TUNA, BLUEFIN","289,935",""
"1997","NORTH CAROLINA","TUNA, LITTLE TUNNY","222,312",""
"1997","NORTH CAROLINA","TUNA, SKIPJACK","6,892",""
"1997","NORTH CAROLINA","TUNA, YELLOWFIN","4,079,849",""
"1997","NORTH CAROLINA","TUNAS","5,170",""
"1997","OREGON","TUNA, ALBACORE","192,398",""
"1997","RHODE ISLAND","TUNA, ALBACORE","",""
"1997","RHODE ISLAND","TUNA, BLUEFIN","10,009",""
"1997","RHODE ISLAND","TUNA, LITTLE TUNNY","62,492",""
"1997","RHODE ISLAND","TUNA, SKIPJACK","6,826",""
"1997","RHODE ISLAND","TUNA, YELLOWFIN","",""
"1997","SOUTH CAROLINA","TUNA, BLACKFIN","5,137",""
"1997","SOUTH CAROLINA","TUNA, LITTLE TUNNY","6,418",""
"1997","SOUTH CAROLINA","TUNA, YELLOWFIN","6,512",""
"1997","SOUTH CAROLINA","TUNAS","",""
"1997","TEXAS","TUNA, LITTLE TUNNY","",""
"1997","VIRGINIA","TUNA, BLUEFIN","157,168",""
"1997","VIRGINIA","TUNA, LITTLE TUNNY","224,188",""
"1997","VIRGINIA","TUNA, SKIPJACK","1,426",""
"1997","VIRGINIA","TUNA, YELLOWFIN","7,103,523",""
"1997","WASHINGTON","TUNA, ALBACORE","126,385",""
"1996","ALABAMA","TUNA, LITTLE TUNNY","136,976",""
"1996","ALABAMA","TUNA, SKIPJACK","30,230",""
"1996","CALIFORNIA","TUNA, ALBACORE","73,302",""
"1996","CALIFORNIA","TUNA, SKIPJACK","3,512",""
"1996","CALIFORNIA","TUNA, YELLOWFIN","35,058",""
"1996","CONNECTICUT","TUNA, LITTLE TUNNY","20,999",""
"1996","CONNECTICUT","TUNA, SKIPJACK","",""
"1996","DELAWARE","TUNA, BLUEFIN","13,539",""
"1996","DELAWARE","TUNA, SKIPJACK","21,533",""
"1996","DELAWARE","TUNA, YELLOWFIN","242,992",""
"1996","FLORIDA*","TUNA, ALBACORE","521,552",""
"1996","FLORIDA*","TUNA, BLACKFIN","1,569,698",""
"1996","FLORIDA*","TUNA, LITTLE TUNNY","6,960,316",""
"1996","FLORIDA*","TUNA, SKIPJACK","103,318",""
"1996","GEORGIA","TUNA, SKIPJACK","30,993",""
"1996","LOUISIANA","TUNA, BLACKFIN","57,896",""
"1996","LOUISIANA","TUNA, LITTLE TUNNY","70,773",""
"1996","LOUISIANA","TUNA, SKIPJACK","825",""
"1996","LOUISIANA","TUNA, YELLOWFIN","149,445",""
"1996","MAINE","TUNA, BLUEFIN","",""
"1996","MARYLAND","TUNA, BLUEFIN","63,793",""
"1996","MARYLAND","TUNA, YELLOWFIN","850,994",""
"1996","MASSACHUSETTS","TUNA, LITTLE TUNNY","45,395",""
"1996","MISSISSIPPI","TUNA, LITTLE TUNNY","25,294",""
"1996","NEW JERSEY","TUNA, LITTLE TUNNY","",""
"1996","NEW JERSEY","TUNA, YELLOWFIN","384,879",""
"1996","NEW YORK","TUNA, BLUEFIN","125,104",""
"1996","NEW YORK","TUNA, LITTLE TUNNY","",""
"1996","NEW YORK","TUNA, YELLOWFIN","2,315,438",""
"1996","NORTH CAROLINA","TUNA, ALBACORE","10,225",""
"1996","NORTH CAROLINA","TUNA, BIGEYE","9,248",""
"1996","NORTH CAROLINA","TUNA, BLACKFIN","59,809",""
"1996","NORTH CAROLINA","TUNA, BLUEFIN","194,979",""
"1996","NORTH CAROLINA","TUNA, LITTLE TUNNY","301,132",""
"1996","NORTH CAROLINA","TUNA, SKIPJACK","14,848",""
"1996","NORTH CAROLINA","TUNA, YELLOWFIN","5,406,718",""
"1996","NORTH CAROLINA","TUNAS","16,720",""
"1996","OREGON","TUNA, ALBACORE","17,090",""
"1996","RHODE ISLAND","TUNA, BIGEYE","196,844",""
"1996","RHODE ISLAND","TUNA, BLUEFIN","",""
"1996","RHODE ISLAND","TUNA, LITTLE TUNNY","4,045",""
"1996","RHODE ISLAND","TUNA, YELLOWFIN","44,397",""
"1996","SOUTH CAROLINA","TUNA, LITTLE TUNNY","1,517",""
"1996","SOUTH CAROLINA","TUNA, SKIPJACK","2,103",""
"1996","SOUTH CAROLINA","TUNA, YELLOWFIN","4,634",""
"1996","TEXAS","TUNA, LITTLE TUNNY","",""
"1996","VIRGINIA","TUNA, BLACKFIN","",""
"1996","VIRGINIA","TUNA, BLUEFIN","349,927",""
"1996","VIRGINIA","TUNA, LITTLE TUNNY","2,297",""
"1996","VIRGINIA","TUNA, SKIPJACK","2,610",""
"1996","VIRGINIA","TUNA, YELLOWFIN","1,401,226",""
"1996","WASHINGTON","TUNA, ALBACORE","",""
"1995","ALABAMA","TUNA, BLACKFIN","1,272",""
"1995","ALABAMA","TUNA, LITTLE TUNNY","64,556",""
"1995","CALIFORNIA","TUNA, ALBACORE","101,157",""
"1995","CALIFORNIA","TUNA, SKIPJACK","311,271",""
"1995","CALIFORNIA","TUNA, YELLOWFIN","499,120",""
"1995","CONNECTICUT","TUNA, LITTLE TUNNY","",""
"1995","DELAWARE","TUNA, LITTLE TUNNY","666",""
"1995","DELAWARE","TUNA, YELLOWFIN","1,702,252",""
"1995","FLORIDA*","TUNA, BLACKFIN","1,898,340",""
"1995","FLORIDA*","TUNA, LITTLE TUNNY","6,926,612",""
"1995","FLORIDA*","TUNA, SKIPJACK","46,182",""
"1995","FLORIDA*","TUNAS","63,166",""
"1995","LOUISIANA","TUNA, BLACKFIN","4,713",""
"1995","LOUISIANA","TUNA, LITTLE TUNNY","50,821",""
"1995","LOUISIANA","TUNA, YELLOWFIN","96,117",""
"1995","MARYLAND","TUNA, BLUEFIN","704,415",""
"1995","MARYLAND","TUNA, LITTLE TUNNY","46,524",""
"1995","MARYLAND","TUNA, SKIPJACK","",""
"1995","MARYLAND","TUNA, YELLOWFIN","459,391",""
"1995","MASSACHUSETTS","TUNA, BIGEYE","3,455",""
"1995","MASSACHUSETTS","TUNA, BLUEFIN","811,379",""
"1995","MASSACHUSETTS","TUNA, LITTLE TUNNY","35,329",""
"1995","MASSACHUSETTS","TUNA, SKIPJACK","7,187",""
"1995","MASSACHUSETTS","TUNA, YELLOWFIN","129,478",""
"1995","MISSISSIPPI","TUNA, LITTLE TUNNY","2,526",""
"1995","NEW JERSEY","TUNA, BLUEFIN","",""
"1995","NEW JERSEY","TUNA, LITTLE TUNNY","18,656",""
"1995","NEW JERSEY","TUNA, SKIPJACK","35,007",""
"1995","NEW JERSEY","TUNA, YELLOWFIN","2,352,328",""
"1995","NEW YORK","TUNA, ALBACORE","358,853",""
"1995","NEW YORK","TUNA, BLUEFIN","569,915",""
"1995","NEW YORK","TUNA, LITTLE TUNNY","37,033",""
"1995","NEW YORK","TUNA, SKIPJACK","83,057",""
"1995","NEW YORK","TUNA, YELLOWFIN","12,449,900",""
"1995","NORTH CAROLINA","TUNA, BIGEYE","5,986",""
"1995","NORTH CAROLINA","TUNA, BLACKFIN","23,027",""
"1995","NORTH CAROLINA","TUNA, BLUEFIN","54,950",""
"1995","NORTH CAROLINA","TUNA, LITTLE TUNNY","122,540",""
"1995","NORTH CAROLINA","TUNA, SKIPJACK","4,433",""
"1995","NORTH CAROLINA","TUNA, YELLOWFIN","3,762,051",""
"1995","NORTH CAROLINA","TUNAS","1,748",""
"1995","OREGON","TUNA, ALBACORE","8,695",""
"1995","RHODE ISLAND","TUNA, ALBACORE","203,985",""
"1995","RHODE ISLAND","TUNA, BIGEYE","150",""
"1995","RHODE ISLAND","TUNA, BLUEFIN","658,387",""
"1995","RHODE ISLAND","TUNA, LITTLE TUNNY","45,808",""
"1995","RHODE ISLAND","TUNA, SKIPJACK","5,750",""
"1995","RHODE ISLAND","TUNA, YELLOWFIN","1,089,969",""
"1995","RHODE ISLAND","TUNAS","",""
"1995","SOUTH CAROLINA","TUNA, LITTLE TUNNY","13,248",""
"1995","SOUTH CAROLINA","TUNA, SKIPJACK","",""
"1995","TEXAS","TUNA, LITTLE TUNNY","",""
"1995","VIRGINIA","TUNA, ALBACORE","9,471",""
"1995","VIRGINIA","TUNA, BLUEFIN","49,077",""
"1995","VIRGINIA","TUNA, LITTLE TUNNY","8,133",""
"1995","VIRGINIA","TUNA, SKIPJACK","",""
"1995","VIRGINIA","TUNA, YELLOWFIN","754,722",""
"1995","WASHINGTON","TUNA, ALBACORE","",""
"1994","ALABAMA","TUNA, BLACKFIN","2,125",""
"1994","ALABAMA","TUNA, LITTLE TUNNY","139,634",""
"1994","CALIFORNIA","TUNA, ALBACORE","41,866",""
"1994","CALIFORNIA","TUNA, SKIPJACK","34,511",""
"1994","CALIFORNIA","TUNA, YELLOWFIN","23,852",""
"1994","CONNECTICUT","TUNA, ALBACORE","1,396",""
"1994","CONNECTICUT","TUNA, LITTLE TUNNY","101,197",""
"1994","CONNECTICUT","TUNA, YELLOWFIN","103,392",""
"1994","DELAWARE","TUNA, ALBACORE","28,477",""
"1994","DELAWARE","TUNA, BLUEFIN","35,278",""
"1994","DELAWARE","TUNA, SKIPJACK","4,597",""
"1994","DELAWARE","TUNA, YELLOWFIN","426,046",""
"1994","FLORIDA*","TUNA, BLACKFIN","1,995,124",""
"1994","FLORIDA*","TUNA, BLUEFIN","42,466",""
"1994","FLORIDA*","TUNA, LITTLE TUNNY","6,347,320",""
"1994","FLORIDA*","TUNA, SKIPJACK","54,754",""
"1994","FLORIDA*","TUNA, YELLOWFIN","29,066",""
"1994","FLORIDA*","TUNAS","",""
"1994","GEORGIA","TUNA, LITTLE TUNNY","1,821",""
"1994","LOUISIANA","TUNA, BLACKFIN","48,555",""
"1994","LOUISIANA","TUNA, LITTLE TUNNY","14,764",""
"1994","LOUISIANA","TUNA, YELLOWFIN","382,374",""
"1994","MARYLAND","TUNA, YELLOWFIN","751,755",""
"1994","MASSACHUSETTS","TUNA, ALBACORE","47,494",""
"1994","MASSACHUSETTS","TUNA, BIGEYE","101,860",""
"1994","MASSACHUSETTS","TUNA, BLUEFIN","5,728",""
"1994","MASSACHUSETTS","TUNA, SKIPJACK","50,722",""
"1994","MASSACHUSETTS","TUNA, YELLOWFIN","19,204",""
"1994","MISSISSIPPI","TUNA, LITTLE TUNNY","3,380",""
"1994","NEW JERSEY","TUNA, BLUEFIN","1,886,671",""
"1994","NEW JERSEY","TUNA, LITTLE TUNNY","488,115",""
"1994","NEW JERSEY","TUNA, YELLOWFIN","7,717,281",""
"1994","NEW YORK","TUNA, ALBACORE","858,935",""
"1994","NEW YORK","TUNA, BIGEYE","107,755",""
"1994","NEW YORK","TUNA, BLUEFIN","2,448,899",""
"1994","NEW YORK","TUNA, LITTLE TUNNY","25,463",""
"1994","NEW YORK","TUNA, SKIPJACK","171,566",""
"1994","NEW YORK","TUNA, YELLOWFIN","6,529,621",""
"1994","NORTH CAROLINA","TUNA, ALBACORE","2,840",""
"1994","NORTH CAROLINA","TUNA, BIGEYE","398,157",""
"1994","NORTH CAROLINA","TUNA, BLACKFIN","14,057",""
"1994","NORTH CAROLINA","TUNA, BLUEFIN","131,598",""
"1994","NORTH CAROLINA","TUNA, LITTLE TUNNY","130,179",""
"1994","NORTH CAROLINA","TUNA, SKIPJACK","18,678",""
"1994","NORTH CAROLINA","TUNA, YELLOWFIN","3,094,056",""
"1994","NORTH CAROLINA","TUNAS","7,458",""
"1994","OREGON","TUNA, ALBACORE","20,757",""
"1994","RHODE ISLAND","TUNA, ALBACORE","3,406",""
"1994","RHODE ISLAND","TUNA, BIGEYE","529",""
"1994","RHODE ISLAND","TUNA, BLUEFIN","103,320",""
"1994","RHODE ISLAND","TUNA, LITTLE TUNNY","10,181",""
"1994","RHODE ISLAND","TUNA, SKIPJACK","805",""
"1994","RHODE ISLAND","TUNA, YELLOWFIN","233,871",""
"1994","RHODE ISLAND","TUNAS","",""
"1994","SOUTH CAROLINA","TUNA, BLUEFIN","43,987",""
"1994","SOUTH CAROLINA","TUNA, YELLOWFIN","156,740",""
"1994","SOUTH CAROLINA","TUNAS","",""
"1994","TEXAS","TUNA, LITTLE TUNNY","",""
"1994","VIRGINIA","TUNA, BLUEFIN","155,133",""
"1994","VIRGINIA","TUNA, LITTLE TUNNY","53,325",""
"1994","VIRGINIA","TUNA, SKIPJACK","32,992",""
"1994","VIRGINIA","TUNA, YELLOWFIN","1,607,630",""
"1994","VIRGINIA","TUNAS","",""
"1994","WASHINGTON","TUNA, ALBACORE","",""
"1993","ALABAMA","TUNA, BLACKFIN","46,672",""
"1993","ALABAMA","TUNA, LITTLE TUNNY","158,455",""
"1993","ALABAMA","TUNA, YELLOWFIN","37,688",""
"1993","CALIFORNIA","TUNA, BLUEFIN","333,553",""
"1993","CALIFORNIA","TUNA, SKIPJACK","215,105",""
"1993","CALIFORNIA","TUNA, YELLOWFIN","374,226",""
"1993","CONNECTICUT","TUNA, ALBACORE","312,949",""
"1993","CONNECTICUT","TUNA, BIGEYE","",""
"1993","CONNECTICUT","TUNA, LITTLE TUNNY","187,464",""
"1993","CONNECTICUT","TUNA, SKIPJACK","36,462",""
"1993","CONNECTICUT","TUNA, YELLOWFIN","439,366",""
"1993","DELAWARE","TUNA, ALBACORE","27,392",""
"1993","DELAWARE","TUNA, BLUEFIN","254,023",""
"1993","DELAWARE","TUNA, YELLOWFIN","136,931",""
"1993","FLORIDA*","TUNA, BIGEYE","165,298",""
"1993","FLORIDA*","TUNA, BLACKFIN","1,424,332",""
"1993","FLORIDA*","TUNA, LITTLE TUNNY","7,316,316",""
"1993","FLORIDA*","TUNA, SKIPJACK","674,222",""
"1993","FLORIDA*","TUNA, YELLOWFIN","719,430",""
"1993","GEORGIA","TUNA, LITTLE TUNNY","364",""
"1993","LOUISIANA","TUNA, BLACKFIN","673,588",""
"1993","LOUISIANA","TUNA, YELLOWFIN","542,111",""
"1993","MARYLAND","TUNA, ALBACORE","145,761",""
"1993","MARYLAND","TUNA, BLUEFIN","1,655,325",""
"1993","MARYLAND","TUNA, SKIPJACK","97,852",""
"1993","MARYLAND","TUNA, YELLOWFIN","341,569",""
"1993","MASSACHUSETTS","TUNA, BLUEFIN","11,310",""
"1993","MASSACHUSETTS","TUNA, LITTLE TUNNY","",""
"1993","MISSISSIPPI","TUNA, LITTLE TUNNY","70,625",""
"1993","NEW JERSEY","TUNA, ALBACORE","217,936",""
"1993","NEW JERSEY","TUNA, LITTLE TUNNY","34,569",""
"1993","NEW JERSEY","TUNA, SKIPJACK","26,259",""
"1993","NEW JERSEY","TUNA, YELLOWFIN","1,268,845",""
"1993","NEW YORK","TUNA, ALBACORE","735,831",""
"1993","NEW YORK","TUNA, BIGEYE","107,383",""
"1993","NEW YORK","TUNA, BLUEFIN","1,052,955",""
"1993","NEW YORK","TUNA, LITTLE TUNNY","13,781",""
"1993","NEW YORK","TUNA, SKIPJACK","11,563",""
"1993","NEW YORK","TUNA, YELLOWFIN","1,674,847",""
"1993","NORTH CAROLINA","TUNA, BIGEYE","54,884",""
"1993","NORTH CAROLINA","TUNA, BLACKFIN","27,875",""
"1993","NORTH CAROLINA","TUNA, BLUEFIN","1,391",""
"1993","NORTH CAROLINA","TUNA, LITTLE TUNNY","167,719",""
"1993","NORTH CAROLINA","TUNA, SKIPJACK","22,240",""
"1993","NORTH CAROLINA","TUNA, YELLOWFIN","1,498,369",""
"1993","NORTH CAROLINA","TUNAS","5,525",""
"1993","OREGON","TUNA, ALBACORE","",""
"1993","RHODE ISLAND","TUNA, ALBACORE","25,199",""
"1993","RHODE ISLAND","TUNA, BLUEFIN","247,826",""
"1993","RHODE ISLAND","TUNA, LITTLE TUNNY","31,436",""
"1993","RHODE ISLAND","TUNA, SKIPJACK","71,935",""
"1993","RHODE ISLAND","TUNA, YELLOWFIN","589,763",""
"1993","RHODE ISLAND","TUNAS","",""
"1993","SOUTH CAROLINA","TUNA, BLACKFIN","8,503",""
"1993","SOUTH CAROLINA","TUNA, LITTLE TUNNY","8,373",""
"1993","SOUTH CAROLINA","TUNA, YELLOWFIN","230,646",""
"1993","TEXAS","TUNA, LITTLE TUNNY","",""
"1993","VIRGINIA","TUNA, BLUEFIN","702,537",""
"1993","VIRGINIA","TUNA, LITTLE TUNNY","5,783",""
"1993","VIRGINIA","TUNA, SKIPJACK","3,891",""
"1993","VIRGINIA","TUNA, YELLOWFIN","210,663",""
"1993","WASHINGTON","TUNA, ALBACORE","",""
"1992","ALABAMA","TUNA, BLACKFIN","567",""
"1992","ALABAMA","TUNA, LITTLE TUNNY","86,598",""
"1992","ALABAMA","TUNA, SKIPJACK","",""
"1992","ALABAMA","TUNA, YELLOWFIN","14,129",""
"1992","CONNECTICUT","TUNA, ALBACORE","705",""
"1992","CONNECTICUT","TUNA, LITTLE TUNNY","3,785",""
"1992","CONNECTICUT","TUNA, YELLOWFIN","10,922",""
"1992","DELAWARE","TUNA, LITTLE TUNNY","4,967",""
"1992","DELAWARE","TUNA, SKIPJACK","699",""
"1992","DELAWARE","TUNA, YELLOWFIN","93,117",""
"1992","FLORIDA*","TUNA, BLACKFIN","838,490",""
"1992","FLORIDA*","TUNA, BLUEFIN","",""
"1992","FLORIDA*","TUNA, LITTLE TUNNY","8,522,298",""
"1992","FLORIDA*","TUNA, SKIPJACK","109,650",""
"1992","FLORIDA*","TUNA, YELLOWFIN","242,602",""
"1992","GEORGIA","TUNA, BLACKFIN","12,397",""
"1992","LOUISIANA","TUNA, BLACKFIN","149,416",""
"1992","LOUISIANA","TUNA, LITTLE TUNNY","65,693",""
"1992","LOUISIANA","TUNA, SKIPJACK","77,598",""
"1992","LOUISIANA","TUNA, YELLOWFIN","276,105",""
"1992","LOUISIANA","TUNAS","",""
"1992","MARYLAND","TUNA, ALBACORE","",""
"1992","MARYLAND","TUNA, BLUEFIN","11,107",""
"1992","MARYLAND","TUNA, LITTLE TUNNY","808,764",""
"1992","MARYLAND","TUNA, SKIPJACK","29,754",""
"1992","MARYLAND","TUNA, YELLOWFIN","162,902",""
"1992","MASSACHUSETTS","TUNA, ALBACORE","34,857",""
"1992","MASSACHUSETTS","TUNA, BLUEFIN","6,208",""
"1992","MISSISSIPPI","TUNA, LITTLE TUNNY","3,426",""
"1992","NEW JERSEY","TUNA, ALBACORE","138,997",""
"1992","NEW JERSEY","TUNA, BIGEYE","107,936",""
"1992","NEW JERSEY","TUNA, BLUEFIN","187,757",""
"1992","NEW JERSEY","TUNA, LITTLE TUNNY","113,618",""
"1992","NEW JERSEY","TUNA, SKIPJACK","14,822",""
"1992","NEW JERSEY","TUNA, YELLOWFIN","991,501",""
"1992","NEW YORK","TUNA, ALBACORE","159,491",""
"1992","NEW YORK","TUNA, BIGEYE","1,565",""
"1992","NEW YORK","TUNA, BLUEFIN","435,457",""
"1992","NEW YORK","TUNA, LITTLE TUNNY","111,832",""
"1992","NEW YORK","TUNA, SKIPJACK","28,243",""
"1992","NEW YORK","TUNA, YELLOWFIN","710,544",""
"1992","NORTH CAROLINA","TUNA, BIGEYE","47,629",""
"1992","NORTH CAROLINA","TUNA, BLACKFIN","10,040",""
"1992","NORTH CAROLINA","TUNA, BLUEFIN","82,391",""
"1992","NORTH CAROLINA","TUNA, LITTLE TUNNY","199,210",""
"1992","NORTH CAROLINA","TUNA, SKIPJACK","5,564",""
"1992","NORTH CAROLINA","TUNA, YELLOWFIN","1,500,498",""
"1992","NORTH CAROLINA","TUNAS","",""
"1992","RHODE ISLAND","TUNA, BLUEFIN","36,822",""
"1992","RHODE ISLAND","TUNA, LITTLE TUNNY","35,386",""
"1992","RHODE ISLAND","TUNA, SKIPJACK","1,246",""
"1992","SOUTH CAROLINA","TUNA, BLACKFIN","2,471",""
"1992","SOUTH CAROLINA","TUNA, LITTLE TUNNY","320",""
"1992","SOUTH CAROLINA","TUNA, YELLOWFIN","92,030",""
"1992","TEXAS","TUNA, LITTLE TUNNY","",""
"1992","VIRGINIA","TUNA, BLUEFIN","159,083",""
"1992","VIRGINIA","TUNA, LITTLE TUNNY","148,292",""
"1992","VIRGINIA","TUNA, YELLOWFIN","163,433",""
"1991","ALABAMA","TUNA, BLACKFIN","3,869",""
"1991","ALABAMA","TUNA, LITTLE TUNNY","73,011",""
"1991","ALABAMA","TUNA, YELLOWFIN","7,430",""
"1991","CONNECTICUT","TUNA, LITTLE TUNNY","92,455",""
"1991","DELAWARE","TUNA, ALBACORE","1,563",""
"1991","DELAWARE","TUNA, BIGEYE","1,296",""
"1991","DELAWARE","TUNA, BLUEFIN","20,975",""
"1991","DELAWARE","TUNA, LITTLE TUNNY","14,833",""
"1991","DELAWARE","TUNA, SKIPJACK","1,817",""
"1991","DELAWARE","TUNA, YELLOWFIN","81,216",""
"1991","FLORIDA*","TUNA, ALBACORE","",""
"1991","FLORIDA*","TUNA, BLACKFIN","1,073,788",""
"1991","FLORIDA*","TUNA, LITTLE TUNNY","9,971,970",""
"1991","FLORIDA*","TUNA, SKIPJACK","195,648",""
"1991","FLORIDA*","TUNA, YELLOWFIN","16,644",""
"1991","LOUISIANA","TUNA, BLACKFIN","118,115",""
"1991","LOUISIANA","TUNA, BLUEFIN","1,658",""
"1991","LOUISIANA","TUNA, LITTLE TUNNY","16,400",""
"1991","LOUISIANA","TUNA, YELLOWFIN","705,987",""
"1991","MARYLAND","TUNA, ALBACORE","85,180",""
"1991","MARYLAND","TUNA, BLUEFIN","363,754",""
"1991","MARYLAND","TUNA, LITTLE TUNNY","78,449",""
"1991","MARYLAND","TUNA, YELLOWFIN","771,072",""
"1991","MASSACHUSETTS","TUNA, ALBACORE","5,137",""
"1991","MASSACHUSETTS","TUNA, LITTLE TUNNY","68,599",""
"1991","MISSISSIPPI","TUNA, LITTLE TUNNY","100,906",""
"1991","NEW JERSEY","TUNA, ALBACORE","733,465",""
"1991","NEW JERSEY","TUNA, BIGEYE","116,911",""
"1991","NEW JERSEY","TUNA, BLUEFIN","1,029,557",""
"1991","NEW JERSEY","TUNA, LITTLE TUNNY","549,813",""
"1991","NEW JERSEY","TUNA, SKIPJACK","54,086",""
"1991","NEW JERSEY","TUNA, YELLOWFIN","2,331,752",""
"1991","NEW YORK","TUNA, ALBACORE","611,574",""
"1991","NEW YORK","TUNA, BIGEYE","530,342",""
"1991","NEW YORK","TUNA, BLACKFIN","3,812",""
"1991","NEW YORK","TUNA, BLUEFIN","5,102,162",""
"1991","NEW YORK","TUNA, LITTLE TUNNY","145,510",""
"1991","NEW YORK","TUNA, SKIPJACK","4,665",""
"1991","NEW YORK","TUNA, YELLOWFIN","3,665,741",""
"1991","NORTH CAROLINA","TUNA, BIGEYE","16,819",""
"1991","NORTH CAROLINA","TUNA, BLACKFIN","38,945",""
"1991","NORTH CAROLINA","TUNA, BLUEFIN","",""
"1991","NORTH CAROLINA","TUNA, LITTLE TUNNY","163,420",""
"1991","NORTH CAROLINA","TUNA, SKIPJACK","9,304",""
"1991","NORTH CAROLINA","TUNA, YELLOWFIN","1,222,391",""
"1991","RHODE ISLAND","TUNA, BLUEFIN","127,388",""
"1991","RHODE ISLAND","TUNA, LITTLE TUNNY","10,525",""
"1991","RHODE ISLAND","TUNA, SKIPJACK","8,223",""
"1991","RHODE ISLAND","TUNA, YELLOWFIN","15,928",""
"1991","SOUTH CAROLINA","TUNA, BLACKFIN","",""
"1991","SOUTH CAROLINA","TUNA, LITTLE TUNNY","",""
"1991","SOUTH CAROLINA","TUNA, YELLOWFIN","7,465",""
"1991","TEXAS","TUNA, LITTLE TUNNY","",""
"1991","VIRGINIA","TUNA, BLUEFIN","27,851",""
"1991","VIRGINIA","TUNA, LITTLE TUNNY","20,496",""
"1991","VIRGINIA","TUNA, SKIPJACK","4,705",""
"1991","VIRGINIA","TUNA, YELLOWFIN","214,592",""
"1990","ALABAMA","TUNA, BLACKFIN","126",""
"1990","ALABAMA","TUNA, LITTLE TUNNY","73,302",""
"1990","DELAWARE","TUNA, ALBACORE","379",""
"1990","DELAWARE","TUNA, BLACKFIN","1,202",""
"1990","DELAWARE","TUNA, BLUEFIN","141,561",""
"1990","DELAWARE","TUNA, LITTLE TUNNY","30,633",""
"1990","DELAWARE","TUNA, YELLOWFIN","428,370",""
"1990","FLORIDA*","TUNA, ALBACORE","17,510",""
"1990","FLORIDA*","TUNA, BLACKFIN","1,730,370",""
"1990","FLORIDA*","TUNA, LITTLE TUNNY","13,010,124",""
"1990","FLORIDA*","TUNA, SKIPJACK","1,216,710",""
"1990","LOUISIANA","TUNA, BLACKFIN","99,446",""
"1990","LOUISIANA","TUNA, LITTLE TUNNY","46,890",""
"1990","MARYLAND","TUNA, ALBACORE","134,504",""
"1990","MARYLAND","TUNA, BLACKFIN","4,965",""
"1990","MARYLAND","TUNA, BLUEFIN","211,679",""
"1990","MARYLAND","TUNA, LITTLE TUNNY","61,139",""
"1990","MARYLAND","TUNA, SKIPJACK","15,463",""
"1990","MARYLAND","TUNA, YELLOWFIN","120,395",""
"1990","MASSACHUSETTS","TUNA, ALBACORE","",""
"1990","MASSACHUSETTS","TUNA, BLUEFIN","35,990",""
"1990","MASSACHUSETTS","TUNA, YELLOWFIN","",""
"1990","MISSISSIPPI","TUNA, LITTLE TUNNY","5,104",""
"1990","NEW JERSEY","TUNA, ALBACORE","211,937",""
"1990","NEW JERSEY","TUNA, BIGEYE","67,256",""
"1990","NEW JERSEY","TUNA, BLACKFIN","2,643",""
"1990","NEW JERSEY","TUNA, BLUEFIN","2,899,754",""
"1990","NEW JERSEY","TUNA, LITTLE TUNNY","193,892",""
"1990","NEW JERSEY","TUNA, SKIPJACK","96,622",""
"1990","NEW JERSEY","TUNA, YELLOWFIN","2,564,739",""
"1990","NEW YORK","TUNA, ALBACORE","885,313",""
"1990","NEW YORK","TUNA, BIGEYE","58,994",""
"1990","NEW YORK","TUNA, BLACKFIN","26,678",""
"1990","NEW YORK","TUNA, BLUEFIN","1,064,884",""
"1990","NEW YORK","TUNA, LITTLE TUNNY","19,820",""
"1990","NEW YORK","TUNA, SKIPJACK","90,152",""
"1990","NEW YORK","TUNA, YELLOWFIN","831,139",""
"1990","NORTH CAROLINA","TUNA, ALBACORE","52,373",""
"1990","NORTH CAROLINA","TUNA, BIGEYE","2,804",""
"1990","NORTH CAROLINA","TUNA, BLACKFIN","50,345",""
"1990","NORTH CAROLINA","TUNA, BLUEFIN","8,565",""
"1990","NORTH CAROLINA","TUNA, LITTLE TUNNY","101,446",""
"1990","NORTH CAROLINA","TUNA, SKIPJACK","15,761",""
"1990","NORTH CAROLINA","TUNA, YELLOWFIN","352,198",""
"1990","NORTH CAROLINA","TUNAS","",""
"1990","RHODE ISLAND","TUNA, ALBACORE","8,591",""
"1990","RHODE ISLAND","TUNA, BLUEFIN","918,070",""
"1990","RHODE ISLAND","TUNA, LITTLE TUNNY","198",""
"1990","RHODE ISLAND","TUNA, SKIPJACK","2,524",""
"1990","RHODE ISLAND","TUNA, YELLOWFIN","80,484",""
"1990","RHODE ISLAND","TUNAS","",""
"1990","SOUTH CAROLINA","TUNA, BLACKFIN","1,543",""
"1990","SOUTH CAROLINA","TUNA, LITTLE TUNNY","5,538",""
"1990","TEXAS","TUNA, LITTLE TUNNY","",""
"1990","VIRGINIA","TUNA, ALBACORE","",""
"1990","VIRGINIA","TUNA, BLACKFIN","3,364,473",""
"1990","VIRGINIA","TUNA, BLUEFIN","339,082",""
"1990","VIRGINIA","TUNA, LITTLE TUNNY","32,315",""
"1990","VIRGINIA","TUNA, SKIPJACK","",""
"1989","ALABAMA","TUNA, BLACKFIN","5,170",""
"1989","ALABAMA","TUNA, LITTLE TUNNY","13,486",""
"1989","CALIFORNIA","TUNA, ALBACORE","68,469",""
"1989","CALIFORNIA","TUNA, BLACK SKIPJACK","2,229",""
"1989","CALIFORNIA","TUNA, SKIPJACK","70,118",""
"1989","CALIFORNIA","TUNA, YELLOWFIN","",""
"1989","CONNECTICUT","TUNA, ALBACORE","205,630",""
"1989","CONNECTICUT","TUNA, YELLOWFIN","415,980",""
"1989","DELAWARE","TUNA, ALBACORE","4,557",""
"1989","DELAWARE","TUNA, BIGEYE","12,586",""
"1989","DELAWARE","TUNA, BLUEFIN","2,465",""
"1989","DELAWARE","TUNA, LITTLE TUNNY","12,258",""
"1989","DELAWARE","TUNA, SKIPJACK","456",""
"1989","DELAWARE","TUNA, YELLOWFIN","79,594",""
"1989","FLORIDA*","TUNA, BLACKFIN","837,484",""
"1989","FLORIDA*","TUNA, LITTLE TUNNY","7,732,226",""
"1989","FLORIDA*","TUNA, SKIPJACK","31,142",""
"1989","GEORGIA","TUNA, SKIPJACK","",""
"1989","LOUISIANA","TUNA, BLACKFIN","10,108",""
"1989","LOUISIANA","TUNA, LITTLE TUNNY","146,519",""
"1989","LOUISIANA","TUNA, YELLOWFIN","341,651",""
"1989","LOUISIANA","TUNAS","",""
"1989","MAINE","TUNA, BLUEFIN","45,444",""
"1989","MARYLAND","TUNA, ALBACORE","15,670",""
"1989","MARYLAND","TUNA, BLUEFIN","588,088",""
"1989","MARYLAND","TUNA, LITTLE TUNNY","50,208",""
"1989","MARYLAND","TUNA, SKIPJACK","62,036",""
"1989","MARYLAND","TUNA, YELLOWFIN","1,672,538",""
"1989","MASSACHUSETTS","TUNA, BIGEYE","17,891",""
"1989","MASSACHUSETTS","TUNA, BLUEFIN","247,310",""
"1989","MASSACHUSETTS","TUNA, YELLOWFIN","18,554",""
"1989","MISSISSIPPI","TUNA, LITTLE TUNNY","9,361",""
"1989","MISSISSIPPI","TUNA, SKIPJACK","1,127",""
"1989","NEW JERSEY","TUNA, ALBACORE","346,435",""
"1989","NEW JERSEY","TUNA, BIGEYE","2,439,013",""
"1989","NEW JERSEY","TUNA, BLUEFIN","11,995,869",""
"1989","NEW JERSEY","TUNA, LITTLE TUNNY","79,594",""
"1989","NEW JERSEY","TUNA, SKIPJACK","923,339",""
"1989","NEW JERSEY","TUNA, YELLOWFIN","11,218,223",""
"1989","NEW YORK","TUNA, ALBACORE","1,612,482",""
"1989","NEW YORK","TUNA, BIGEYE","749,131",""
"1989","NEW YORK","TUNA, BLUEFIN","2,198,824",""
"1989","NEW YORK","TUNA, SKIPJACK","6,014",""
"1989","NEW YORK","TUNA, YELLOWFIN","10,659,260",""
"1989","NORTH CAROLINA","TUNA, ALBACORE","384",""
"1989","NORTH CAROLINA","TUNA, BIGEYE","33,837",""
"1989","NORTH CAROLINA","TUNA, BLACKFIN","55,014",""
"1989","NORTH CAROLINA","TUNA, BLUEFIN","",""
"1989","NORTH CAROLINA","TUNA, LITTLE TUNNY","403,625",""
"1989","NORTH CAROLINA","TUNA, SKIPJACK","10,485",""
"1989","NORTH CAROLINA","TUNA, YELLOWFIN","2,578,789",""
"1989","RHODE ISLAND","TUNA, ALBACORE","472",""
"1989","RHODE ISLAND","TUNA, BLUEFIN","133,671",""
"1989","RHODE ISLAND","TUNA, YELLOWFIN","55,651",""
"1989","SOUTH CAROLINA","TUNA, BLACKFIN","3,217",""
"1989","SOUTH CAROLINA","TUNA, LITTLE TUNNY","22,527",""
"1989","SOUTH CAROLINA","TUNA, YELLOWFIN","35,455",""
"1989","TEXAS","TUNA, LITTLE TUNNY","",""
"1989","VIRGINIA","TUNA, ALBACORE","10,102",""
"1989","VIRGINIA","TUNA, BIGEYE","80,083",""
"1989","VIRGINIA","TUNA, BLUEFIN","890,448",""
"1989","VIRGINIA","TUNA, LITTLE TUNNY","126,444",""
"1989","VIRGINIA","TUNA, SKIPJACK","24,912",""
"1989","VIRGINIA","TUNA, YELLOWFIN","102,184",""
"1988","ALABAMA","TUNA, BLACKFIN","",""
"1988","ALABAMA","TUNA, LITTLE TUNNY","8,772",""
"1988","CALIFORNIA","TUNA, ALBACORE","21,231",""
"1988","CALIFORNIA","TUNA, SKIPJACK","",""
"1988","CONNECTICUT","TUNA, YELLOWFIN","452,574",""
"1988","DELAWARE","TUNA, BIGEYE","9,555",""
"1988","DELAWARE","TUNA, SKIPJACK","216",""
"1988","FLORIDA*","TUNA, BLACKFIN","324,476",""
"1988","FLORIDA*","TUNA, BLUEFIN","",""
"1988","FLORIDA*","TUNA, LITTLE TUNNY","1,518,272",""
"1988","FLORIDA*","TUNA, SKIPJACK","",""
"1988","FLORIDA*","TUNA, YELLOWFIN","",""
"1988","LOUISIANA","TUNA, BLACKFIN","",""
"1988","LOUISIANA","TUNA, LITTLE TUNNY","",""
"1988","LOUISIANA","TUNA, SKIPJACK","",""
"1988","LOUISIANA","TUNA, YELLOWFIN","",""
"1988","MARYLAND","TUNA, BLUEFIN","425,208",""
"1988","MARYLAND","TUNA, LITTLE TUNNY","41,581",""
"1988","MARYLAND","TUNA, SKIPJACK","90,158",""
"1988","MARYLAND","TUNA, YELLOWFIN","931,229",""
"1988","MASSACHUSETTS","TUNA, ALBACORE","44,809",""
"1988","MASSACHUSETTS","TUNA, YELLOWFIN","427,457",""
"1988","MISSISSIPPI","TUNA, LITTLE TUNNY","8,814",""
"1988","NEW JERSEY","TUNA, ALBACORE","14,262",""
"1988","NEW JERSEY","TUNA, BLUEFIN","63,277",""
"1988","NEW JERSEY","TUNA, LITTLE TUNNY","534,147",""
"1988","NEW JERSEY","TUNA, SKIPJACK","1,445,480",""
"1988","NEW JERSEY","TUNA, YELLOWFIN","253,633",""
"1988","NEW YORK","TUNA, ALBACORE","102,162",""
"1988","NEW YORK","TUNA, BIGEYE","101,201",""
"1988","NEW YORK","TUNA, BLUEFIN","86,990",""
"1988","NEW YORK","TUNA, LITTLE TUNNY","6,982",""
"1988","NEW YORK","TUNA, SKIPJACK","113,016",""
"1988","NEW YORK","TUNA, YELLOWFIN","2,132,275",""
"1988","NORTH CAROLINA","TUNA, ALBACORE","75,090",""
"1988","NORTH CAROLINA","TUNA, BIGEYE","197,497",""
"1988","NORTH CAROLINA","TUNA, BLACKFIN","3,532",""
"1988","NORTH CAROLINA","TUNA, BLUEFIN","1,618",""
"1988","NORTH CAROLINA","TUNA, LITTLE TUNNY","8,627",""
"1988","NORTH CAROLINA","TUNA, SKIPJACK","1,947",""
"1988","NORTH CAROLINA","TUNA, YELLOWFIN","341,538",""
"1988","NORTH CAROLINA","TUNAS","16,224",""
"1988","RHODE ISLAND","TUNA, ALBACORE","66,877",""
"1988","RHODE ISLAND","TUNA, BIGEYE","6,005",""
"1988","RHODE ISLAND","TUNA, BLUEFIN","33,032",""
"1988","RHODE ISLAND","TUNA, SKIPJACK","12,613",""
"1988","RHODE ISLAND","TUNA, YELLOWFIN","260,234",""
"1988","SOUTH CAROLINA","TUNA, BLACKFIN","536",""
"1988","SOUTH CAROLINA","TUNA, LITTLE TUNNY","882",""
"1988","SOUTH CAROLINA","TUNA, YELLOWFIN","5,152",""
"1988","TEXAS","TUNA, LITTLE TUNNY","",""
"1988","VIRGINIA","TUNA, ALBACORE","160,933",""
"1988","VIRGINIA","TUNA, BLUEFIN","738,761",""
"1988","VIRGINIA","TUNA, LITTLE TUNNY","70,438",""
"1988","VIRGINIA","TUNA, SKIPJACK","525",""
"1988","VIRGINIA","TUNA, YELLOWFIN","143,841",""
"1987","ALABAMA","TUNA, LITTLE TUNNY","171,648",""
"1987","CALIFORNIA","TUNA, ALBACORE","85,839",""
"1987","CALIFORNIA","TUNA, SKIPJACK","9,295",""
"1987","CONNECTICUT","TUNA, ALBACORE","617,004",""
"1987","CONNECTICUT","TUNA, BLUEFIN","488,146",""
"1987","CONNECTICUT","TUNA, YELLOWFIN","461,983",""
"1987","DELAWARE","TUNA, LITTLE TUNNY","16,711",""
"1987","FLORIDA*","TUNA, ALBACORE","",""
"1987","FLORIDA*","TUNA, BIGEYE","63,286",""
"1987","FLORIDA*","TUNA, BLACKFIN","4,335,324",""
"1987","FLORIDA*","TUNA, BLUEFIN","34,468",""
"1987","FLORIDA*","TUNA, LITTLE TUNNY","9,265,260",""
"1987","FLORIDA*","TUNA, SKIPJACK","382,030",""
"1987","FLORIDA*","TUNA, YELLOWFIN","1,026,112",""
"1987","FLORIDA*","TUNAS","7,764",""
"1987","GEORGIA","TUNA, LITTLE TUNNY","7,445",""
"1987","GEORGIA","TUNA, SKIPJACK","132",""
"1987","LOUISIANA","TUNA, BLACKFIN","4,949",""
"1987","LOUISIANA","TUNA, LITTLE TUNNY","2,718",""
"1987","MARYLAND","TUNA, BLUEFIN","62,799",""
"1987","MARYLAND","TUNA, SKIPJACK","45,975",""
"1987","MARYLAND","TUNA, YELLOWFIN","333,117",""
"1987","MASSACHUSETTS","TUNA, YELLOWFIN","186,456",""
"1987","MISSISSIPPI","TUNA, LITTLE TUNNY","28,133",""
"1987","NEW JERSEY","TUNA, ALBACORE","65,341",""
"1987","NEW JERSEY","TUNA, BIGEYE","",""
"1987","NEW JERSEY","TUNA, BLUEFIN","3,144,429",""
"1987","NEW JERSEY","TUNA, LITTLE TUNNY","91,591",""
"1987","NEW JERSEY","TUNA, YELLOWFIN","4,353,053",""
"1987","NEW YORK","TUNA, ALBACORE","8,062,931",""
"1987","NEW YORK","TUNA, BLUEFIN","265,293",""
"1987","NEW YORK","TUNA, LITTLE TUNNY","38,588",""
"1987","NEW YORK","TUNA, YELLOWFIN","55,346,955",""
"1987","NORTH CAROLINA","TUNA, ALBACORE","1,750",""
"1987","NORTH CAROLINA","TUNA, BIGEYE","100,529",""
"1987","NORTH CAROLINA","TUNA, BLACKFIN","24,787",""
"1987","NORTH CAROLINA","TUNA, BLUEFIN","1,567",""
"1987","NORTH CAROLINA","TUNA, LITTLE TUNNY","245,567",""
"1987","NORTH CAROLINA","TUNA, SKIPJACK","2,463",""
"1987","NORTH CAROLINA","TUNA, YELLOWFIN","2,851,276",""
"1987","RHODE ISLAND","TUNA, ALBACORE","130,992",""
"1987","RHODE ISLAND","TUNA, BLUEFIN","935,828",""
"1987","RHODE ISLAND","TUNA, LITTLE TUNNY","8,342",""
"1987","RHODE ISLAND","TUNA, YELLOWFIN","899,039",""
"1987","SOUTH CAROLINA","TUNA, LITTLE TUNNY","24,008",""
"1987","SOUTH CAROLINA","TUNA, YELLOWFIN","53,147",""
"1987","TEXAS","TUNA, LITTLE TUNNY","",""
"1987","VIRGINIA","TUNA, ALBACORE","2,897",""
"1987","VIRGINIA","TUNA, BLUEFIN","1,257,381",""
"1987","VIRGINIA","TUNA, LITTLE TUNNY","23,422",""
"1987","VIRGINIA","TUNA, SKIPJACK","117,943",""
"1987","VIRGINIA","TUNA, YELLOWFIN","1,614,960",""
"1987","WASHINGTON","TUNA, ALBACORE","",""
"1986","ALABAMA","TUNA, LITTLE TUNNY","16,632",""
"1986","CALIFORNIA","TUNA, ALBACORE","1,717,918",""
"1986","CALIFORNIA","TUNA, BLUEFIN","5,650",""
"1986","CALIFORNIA","TUNA, SKIPJACK","913",""
"1986","CONNECTICUT","TUNA, BLUEFIN","74,069",""
"1986","FLORIDA*","TUNA, BLACKFIN","36,723,364",""
"1986","FLORIDA*","TUNA, BLUEFIN","39,718",""
"1986","FLORIDA*","TUNA, LITTLE TUNNY","8,155,854",""
"1986","FLORIDA*","TUNA, SKIPJACK","688,394",""
"1986","FLORIDA*","TUNA, YELLOWFIN","1,125,244",""
"1986","GEORGIA","TUNA, LITTLE TUNNY","55,852",""
"1986","LOUISIANA","TUNA, BLACKFIN","50,171",""
"1986","LOUISIANA","TUNA, LITTLE TUNNY","11,323",""
"1986","LOUISIANA","TUNA, YELLOWFIN","429,714",""
"1986","MARYLAND","TUNA, BLUEFIN","86,234",""
"1986","MARYLAND","TUNA, SKIPJACK","24,586",""
"1986","MARYLAND","TUNA, YELLOWFIN","180,900",""
"1986","MASSACHUSETTS","TUNA, BLUEFIN","188,412",""
"1986","MISSISSIPPI","TUNA, LITTLE TUNNY","39,639",""
"1986","NEW JERSEY","TUNA, ALBACORE","323,178",""
"1986","NEW JERSEY","TUNA, BIGEYE","211,322",""
"1986","NEW JERSEY","TUNA, SKIPJACK","351,668",""
"1986","NEW JERSEY","TUNA, YELLOWFIN","6,409,156",""
"1986","NEW YORK","TUNA, ALBACORE","771,738",""
"1986","NEW YORK","TUNA, BIGEYE","2,856,415",""
"1986","NEW YORK","TUNA, BLUEFIN","4,199,741",""
"1986","NEW YORK","TUNA, LITTLE TUNNY","90,692",""
"1986","NEW YORK","TUNA, SKIPJACK","83,326",""
"1986","NEW YORK","TUNA, YELLOWFIN","8,402,117",""
"1986","NEW YORK","TUNAS","",""
"1986","NORTH CAROLINA","TUNA, ALBACORE","2,048",""
"1986","NORTH CAROLINA","TUNA, BIGEYE","52,340",""
"1986","NORTH CAROLINA","TUNA, BLACKFIN","10,349",""
"1986","NORTH CAROLINA","TUNA, LITTLE TUNNY","299,670",""
"1986","NORTH CAROLINA","TUNA, SKIPJACK","17,132",""
"1986","NORTH CAROLINA","TUNA, YELLOWFIN","2,065,704",""
"1986","RHODE ISLAND","TUNA, BLUEFIN","779,954",""
"1986","RHODE ISLAND","TUNA, SKIPJACK","",""
"1986","RHODE ISLAND","TUNA, YELLOWFIN","686,899",""
"1986","SOUTH CAROLINA","TUNA, BLACKFIN","16,599",""
"1986","SOUTH CAROLINA","TUNA, LITTLE TUNNY","87,133",""
"1986","SOUTH CAROLINA","TUNA, YELLOWFIN","538,076",""
"1986","TEXAS","TUNA, LITTLE TUNNY","",""
"1986","VIRGINIA","TUNA, ALBACORE","134,257",""
"1986","VIRGINIA","TUNA, BLUEFIN","173,480",""
"1986","VIRGINIA","TUNA, LITTLE TUNNY","54,961",""
"1986","VIRGINIA","TUNA, SKIPJACK","592,943",""
"1986","VIRGINIA","TUNA, YELLOWFIN","828,425",""
"1985","CALIFORNIA","TUNA, ALBACORE","3,021,352",""
"1985","CALIFORNIA","TUNA, BLUEFIN","21,590",""
"1985","CONNECTICUT","TUNA, YELLOWFIN","384,568",""
"1985","FLORIDA*","TUNA, BLACKFIN","876,564",""
"1985","FLORIDA*","TUNA, LITTLE TUNNY","2,976,392",""
"1985","FLORIDA*","TUNA, SKIPJACK","17,698",""
"1985","GEORGIA","TUNA, LITTLE TUNNY","15,772",""
"1985","GEORGIA","TUNAS","12,998",""
"1985","LOUISIANA","TUNA, LITTLE TUNNY","711,657",""
"1985","MARYLAND","TUNA, ALBACORE","",""
"1985","MARYLAND","TUNA, BLUEFIN","34,176",""
"1985","MARYLAND","TUNA, LITTLE TUNNY","31,165",""
"1985","MARYLAND","TUNA, SKIPJACK","661",""
"1985","MARYLAND","TUNA, YELLOWFIN","53,037",""
"1985","MISSISSIPPI","TUNA, LITTLE TUNNY","937",""
"1985","NEW JERSEY","TUNA, ALBACORE","",""
"1985","NEW JERSEY","TUNA, BLUEFIN","3,384,458",""
"1985","NEW JERSEY","TUNA, LITTLE TUNNY","300,940",""
"1985","NEW JERSEY","TUNA, SKIPJACK","21,550",""
"1985","NEW JERSEY","TUNA, YELLOWFIN","218,480",""
"1985","NEW YORK","TUNA, ALBACORE","145,693",""
"1985","NEW YORK","TUNA, BLUEFIN","158,440",""
"1985","NEW YORK","TUNA, LITTLE TUNNY","110,000",""
"1985","NEW YORK","TUNA, SKIPJACK","952,305",""
"1985","NEW YORK","TUNA, YELLOWFIN","1,998,935",""
"1985","NORTH CAROLINA","TUNA, BLACKFIN","17,249",""
"1985","NORTH CAROLINA","TUNA, BLUEFIN","28,572",""
"1985","NORTH CAROLINA","TUNA, LITTLE TUNNY","592,230",""
"1985","NORTH CAROLINA","TUNA, SKIPJACK","2,707",""
"1985","NORTH CAROLINA","TUNA, YELLOWFIN","952,144",""
"1985","RHODE ISLAND","TUNA, ALBACORE","226,763",""
"1985","RHODE ISLAND","TUNA, BLUEFIN","820,380",""
"1985","RHODE ISLAND","TUNA, YELLOWFIN","18,137",""
"1985","SOUTH CAROLINA","TUNA, BLACKFIN","22,591",""
"1985","SOUTH CAROLINA","TUNA, LITTLE TUNNY","95,251",""
"1985","SOUTH CAROLINA","TUNA, YELLOWFIN","763,318",""
"1985","TEXAS","TUNA, LITTLE TUNNY","",""
"1985","VIRGINIA","TUNA, BLACKFIN","10,443",""
"1985","VIRGINIA","TUNA, BLUEFIN","195,374",""
"1985","VIRGINIA","TUNA, LITTLE TUNNY","13,532",""
"1985","VIRGINIA","TUNA, SKIPJACK","1,984",""
"1985","VIRGINIA","TUNA, YELLOWFIN","311,599",""
"1984","ALABAMA","TUNA, LITTLE TUNNY","",""
"1984","CALIFORNIA","TUNA, ALBACORE","3,672,977",""
"1984","CALIFORNIA","TUNA, BIGEYE","",""
"1984","CALIFORNIA","TUNA, BLACK SKIPJACK","862",""
"1984","CALIFORNIA","TUNA, BLUEFIN","190,200",""
"1984","CALIFORNIA","TUNA, SKIPJACK","122,996",""
"1984","CALIFORNIA","TUNA, YELLOWFIN","",""
"1984","CONNECTICUT","TUNA, BLUEFIN","",""
"1984","FLORIDA*","TUNA, BLACKFIN","2,899,968",""
"1984","FLORIDA*","TUNA, BLUEFIN","29,758",""
"1984","FLORIDA*","TUNA, LITTLE TUNNY","6,091,562",""
"1984","FLORIDA*","TUNA, SKIPJACK","501,600",""
"1984","FLORIDA*","TUNA, YELLOWFIN","84,626",""
"1984","GEORGIA","TUNA, LITTLE TUNNY","24,555",""
"1984","LOUISIANA","TUNA, YELLOWFIN","47,646",""
"1984","MISSISSIPPI","TUNA, LITTLE TUNNY","35,435",""
"1984","MISSISSIPPI","TUNA, SKIPJACK","",""
"1984","NEW JERSEY","TUNA, ALBACORE","29,160,795",""
"1984","NEW JERSEY","TUNA, BLUEFIN","4,726,353",""
"1984","NEW YORK","TUNA, ALBACORE","734,133",""
"1984","NEW YORK","TUNA, BLUEFIN","651,134",""
"1984","NEW YORK","TUNA, LITTLE TUNNY","17,990",""
"1984","NEW YORK","TUNA, YELLOWFIN","414,145",""
"1984","NORTH CAROLINA","TUNA, LITTLE TUNNY","45,356",""
"1984","RHODE ISLAND","TUNA, ALBACORE","86,906",""
"1984","RHODE ISLAND","TUNA, BLUEFIN","6,418",""
"1984","RHODE ISLAND","TUNA, YELLOWFIN","101,338",""
"1984","SOUTH CAROLINA","TUNA, LITTLE TUNNY","1,953",""
"1984","TEXAS","TUNA, LITTLE TUNNY","",""
"1984","VIRGINIA","TUNA, BLUEFIN","51,824",""
"1984","VIRGINIA","TUNA, YELLOWFIN","472,462",""
"1983","ALABAMA","TUNA, LITTLE TUNNY","51,582",""
"1983","CALIFORNIA","TUNA, ALBACORE","585,778",""
"1983","CALIFORNIA","TUNA, BIGEYE","",""
"1983","CALIFORNIA","TUNA, BLACKFIN","",""
"1983","CALIFORNIA","TUNA, BLUEFIN","93,966",""
"1983","CALIFORNIA","TUNA, SKIPJACK","1,503,342",""
"1983","CALIFORNIA","TUNA, YELLOWFIN","2",""
"1983","CONNECTICUT","TUNA, YELLOWFIN","",""
"1983","FLORIDA*","TUNA, BLACKFIN","327,766",""
"1983","FLORIDA*","TUNA, BLUEFIN","12,068",""
"1983","FLORIDA*","TUNA, LITTLE TUNNY","5,130,650",""
"1983","FLORIDA*","TUNA, SKIPJACK","176,982",""
"1983","GEORGIA","TUNA, LITTLE TUNNY","35,322",""
"1983","LOUISIANA","TUNA, BLACKFIN","732,273",""
"1983","LOUISIANA","TUNA, LITTLE TUNNY","6,345",""
"1983","MARYLAND","TUNA, ALBACORE","161,006",""
"1983","MARYLAND","TUNA, BIGEYE","57,494",""
"1983","MARYLAND","TUNA, BLUEFIN","20,362",""
"1983","MARYLAND","TUNA, LITTLE TUNNY","196,361",""
"1983","MARYLAND","TUNA, SKIPJACK","5,084",""
"1983","MARYLAND","TUNA, YELLOWFIN","261,332",""
"1983","MISSISSIPPI","TUNA, LITTLE TUNNY","31,471",""
"1983","NEW JERSEY","TUNA, BLUEFIN","52,545",""
"1983","NEW YORK","TUNA, ALBACORE","2,765,157",""
"1983","NEW YORK","TUNA, BLUEFIN","4,558,423",""
"1983","NEW YORK","TUNA, LITTLE TUNNY","140,077",""
"1983","NEW YORK","TUNA, YELLOWFIN","3,449,413",""
"1983","NORTH CAROLINA","TUNA, BLACKFIN","9,001",""
"1983","NORTH CAROLINA","TUNA, LITTLE TUNNY","1,117,723",""
"1983","NORTH CAROLINA","TUNA, YELLOWFIN","559,886",""
"1983","RHODE ISLAND","TUNA, BLUEFIN","2,654,782",""
"1983","RHODE ISLAND","TUNA, LITTLE TUNNY","",""
"1983","SOUTH CAROLINA","TUNA, LITTLE TUNNY","9,815",""
"1983","TEXAS","TUNA, LITTLE TUNNY","",""
"1983","VIRGINIA","TUNA, ALBACORE","463,134",""
"1983","VIRGINIA","TUNA, BLUEFIN","99,104",""
"1983","VIRGINIA","TUNA, SKIPJACK","174,578",""
"1983","VIRGINIA","TUNA, YELLOWFIN","12,979",""
"1982","ALABAMA","TUNA, ALBACORE","",""
"1982","ALABAMA","TUNA, LITTLE TUNNY","121,823",""
"1982","CALIFORNIA","LITTLE TUNAS","",""
"1982","CALIFORNIA","TUNA, ALBACORE","820,367",""
"1982","CALIFORNIA","TUNA, BIGEYE","",""
"1982","FLORIDA*","TUNA, BLACKFIN","1,286,504",""
"1982","FLORIDA*","TUNA, BLUEFIN","11,072",""
"1982","FLORIDA*","TUNA, LITTLE TUNNY","2,679,368",""
"1982","FLORIDA*","TUNA, SKIPJACK","1,000,718",""
"1982","FLORIDA*","TUNA, YELLOWFIN","146,502",""
"1982","GEORGIA","TUNA, BLACKFIN","9,015",""
"1982","GEORGIA","TUNA, LITTLE TUNNY","33,967",""
"1982","LOUISIANA","TUNA, LITTLE TUNNY","3,106",""
"1982","LOUISIANA","TUNA, YELLOWFIN","535,699",""
"1982","MASSACHUSETTS","TUNA, LITTLE TUNNY","6,215",""
"1982","MISSISSIPPI","TUNA, LITTLE TUNNY","61,621",""
"1982","NEW JERSEY","TUNA, ALBACORE","309,935",""
"1982","NEW JERSEY","TUNA, LITTLE TUNNY","71,630",""
"1982","NEW YORK","TUNA, ALBACORE","1,280,997",""
"1982","NEW YORK","TUNA, BIGEYE","73,595",""
"1982","NEW YORK","TUNA, BLUEFIN","125,911",""
"1982","NEW YORK","TUNA, YELLOWFIN","4,654,899",""
"1982","NORTH CAROLINA","TUNA, ALBACORE","538",""
"1982","NORTH CAROLINA","TUNA, BIGEYE","17,394",""
"1982","NORTH CAROLINA","TUNA, LITTLE TUNNY","75,054",""
"1982","NORTH CAROLINA","TUNA, SKIPJACK","1,149",""
"1982","RHODE ISLAND","TUNA, BLUEFIN","6,005",""
"1982","SOUTH CAROLINA","TUNA, YELLOWFIN","24,778",""
"1982","TEXAS","TUNA, YELLOWFIN","2,842",""
"1982","VIRGINIA","TUNA, ALBACORE","25,153",""
"1982","VIRGINIA","TUNA, BLUEFIN","1,185,336",""
"1981","ALABAMA","TUNA, LITTLE TUNNY","31,403",""
"1981","ALABAMA","TUNA, SKIPJACK","196,791",""
"1981","CALIFORNIA","TUNA, ALBACORE","75,336",""
"1981","DELAWARE","TUNA, ALBACORE","131,878",""
"1981","FLORIDA*","TUNA, BLACKFIN","728,166",""
"1981","FLORIDA*","TUNA, LITTLE TUNNY","2,586,756",""
"1981","FLORIDA*","TUNA, SKIPJACK","143,454",""
"1981","FLORIDA*","TUNAS","",""
"1981","GEORGIA","TUNA, LITTLE TUNNY","18,744",""
"1981","LOUISIANA","TUNA, BLACKFIN","13,849",""
"1981","LOUISIANA","TUNA, LITTLE TUNNY","3,922",""
"1981","MASSACHUSETTS","TUNA, ALBACORE","544,328",""
"1981","MASSACHUSETTS","TUNA, BLUEFIN","",""
"1981","MASSACHUSETTS","TUNA, YELLOWFIN","78,707",""
"1981","MASSACHUSETTS","TUNAS","",""
"1981","MISSISSIPPI","TUNA, LITTLE TUNNY","143,858",""
"1981","NEW JERSEY","TUNA, BLUEFIN","126,541",""
"1981","NEW JERSEY","TUNA, LITTLE TUNNY","855,103",""
"1981","NEW JERSEY","TUNA, YELLOWFIN","435,654",""
"1981","NEW YORK","TUNA, ALBACORE","354,215",""
"1981","NEW YORK","TUNA, BLUEFIN","562,243",""
"1981","NEW YORK","TUNA, LITTLE TUNNY","65,890",""
"1981","NEW YORK","TUNA, SKIPJACK","38,848",""
"1981","NEW YORK","TUNA, YELLOWFIN","1,171,963",""
"1981","NORTH CAROLINA","TUNA, ALBACORE","",""
"1981","NORTH CAROLINA","TUNA, BLACKFIN","35,411",""
"1981","NORTH CAROLINA","TUNA, YELLOWFIN","94,325",""
"1981","RHODE ISLAND","TUNA, BLUEFIN","1,590,061",""
"1981","RHODE ISLAND","TUNA, SKIPJACK","153,094",""
"1981","RHODE ISLAND","TUNA, YELLOWFIN","297,124",""
"1981","SOUTH CAROLINA","TUNA, LITTLE TUNNY","507",""
"1981","VIRGINIA","TUNA, BLUEFIN","14,663",""
"1981","VIRGINIA","TUNA, SKIPJACK","62,651",""
"1981","WASHINGTON","TUNA, ALBACORE","",""
